"#Zeta","#Rho","#Lumi","#Mass","#Temp","#G","#Gbp-Grp","#Rad","#O2S","#O2L","#H1S","#N2S","#N2L","#S2S","#S2L","#S3S","#S3L","#Halpha","#Hbeta","HaNII","HaSII","SS"
"-23.5","-15.776","-16.0915269950411","11.2431649395492","4.03151867661059","54.7811917574169","0.953332384744379","9.22776069308257","-2.41984859373815","-2.61030594375834","-1.63008055750823","-2.26373763946193","-2.11715671706993","-1.17112231807853","-1.32522771880747","-5.90814634019139","-4.73104479807322","-0.463745973920638","1.16589305881607","1.19166347990933","1.19166347990933","0.154105400728947"
"-23.0","-15.776","-15.5643774254399","11.2703499681309","4.04957905986252","53.7470257610349","0.906079770872393","9.19873311059828","-3.30899705296289","-3.29152029591334","-1.55589617285514","-2.0740305858128","-1.63661866626523","-1.5073523325561","-1.20706891784287","-5.40676189624974","-4.85865219137936","-0.757947814425977","1.18282621248973","0.680965669807615","0.680965669807615","-0.300283414713237"
"-22.5","-15.776","-15.0384956280804","11.2962646057456","4.06721733777555","52.6958368850455","0.925660770360475","9.16352169464595","-2.81805150421507","-3.03477526810078","-1.49776734961384","-2.21354194986899","-2.3716638797107","-2.28680826893427","-1.98128304137979","-4.91581522900052","-4.27220425959666","-0.43807255457073","1.19905164448134","1.49820566963071","1.49820566963071","-0.305525227554479"
"-22.0","-15.776","-14.5142926427164","11.3204978987307","4.08502101838355","51.6044648316397","1.00169065332693","9.1242439963729","-2.59279790533293","-3.58657001762057","-1.4453937799497","-2.58022546464047","-2.08590099527244","-2.7476397931299","-3.14209181092533","-4.77779144379016","-5.36815875920583","-0.0535471859400397","1.21395758363262","1.89892926802925","1.89892926802925","0.394452017795433"
"-21.5","-15.776","-14.0667856038777","11.2679122511032","4.11016645516898","50.6195373499621","1.07967739275237","9.03498400961145","-3.14263582587298","-3.79833825366751","-1.36457160804199","-2.95446869251131","-2.24096992408739","-3.30531104096608","-4.08957640838404","-4.52811023142853","-5.58043530136427","-0.145645724954995","1.22637553508961","2.00195426123711","2.00195426123711","0.78426536741796"
"-21.0","-15.776","-13.6359207616529","11.1986735011755","4.13537130180528","49.5361002404167","1.11101328634224","8.94276816870448","-3.67615609957034","-3.92795793731375","-1.35073703488019","-3.11992342155286","-2.78168082013381","-4.19615660010548","-4.33443584845594","-4.29684029507941","-5.13443903032281","-0.245770061351236","1.2391777870095","2.32946848178518","2.32946848178518","0.138279248350463"
"-20.5","-15.776","-13.2124140810309","11.1220516400528","4.16069087735118","48.4707262471605","1.14211427652998","8.8480408444173","-4.20696105656476","-4.05976323819568","-1.33731539499408","-3.29382354010892","-3.32004357576967","-5.07911379606641","-4.57951514269342","-4.06533503984895","-4.68726020139247","-0.346345883356862","1.25178397438747","2.65643227776896","2.65643227776896","-0.499598653372989"
"-24.0","-15.276","-16.15264355043","11.681968345272","3.99030694573483","54.4520285296219","1.03026130252895","9.2708149767758","-2.15321029728295","-3.04349383240154","-1.75010696882986","-2.22090844589515","-2.18137907752204","-1.18018138516089","-0.548258941323495","-6.35236935951959","-5.17644455184734","-0.200522866170599","1.16105907039403","1.69699909816184","1.69699909816184","-0.631922443837393"
"-23.5","-15.276","-15.6193340649806","11.7153206023977","4.01348231094703","53.4738435726683","0.960509138201052","9.2498164462413","-2.65503638335135","-3.13598417279939","-1.6368879276726","-2.4007655123581","-3.23619519202583","-1.11450952237094","-1.39146118288568","-6.27400519577659","-5.18153772171891","-0.342886574301683","1.17883743533818","1.99757930244092","1.99757930244092","0.276951660514743"
"-23.0","-15.276","-15.0906535577194","11.7440365579027","4.03282905154407","52.4582176213682","0.908495021400528","9.22521117769583","-3.53846624227616","-3.83622612318501","-1.55276117696598","-2.01903185433447","-2.10696611322379","-1.73128920781665","-1.1360022976678","-5.42013397160801","-5.03379537910783","-0.533830513145715","1.19534912049977","1.22532218859731","1.22532218859731","-0.595286910148849"
"-22.5","-15.276","-14.5652820952137","11.7694405517154","4.04955685399856","51.4496121711338","0.919249621655216","9.19608751188248","-3.55090033054007","-3.01146989511114","-1.48600692119798","-2.41367744677371","-2.98527088054537","-2.47913453690442","-2.01437189153031","-5.30456958396856","-4.38839366814082","-0.859571165187393","1.21110267891572","1.44653903988478","1.44653903988478","-0.464762645374106"
"-22.0","-15.276","-14.0403429518238","11.7944125916993","4.06626568262454","50.4087607021669","0.991412636741454","9.16131162339788","-3.74936364661099","-3.71491390835285","-1.43013419189054","-3.24457858582984","-2.27996984462116","-2.39118583494443","-2.63448826100712","-5.54640310545514","-6.13283095430599","-0.0104693287598779","1.22629982764319","2.22473960157816","2.22473960157816","0.243302426062691"
"-21.5","-15.276","-13.5163214905481","11.8184627062356","4.08510576796225","49.2655532613841","1.07100007748959","9.11791721287989","-3.10211308497548","-4.11570674998823","-1.38168392598704","-3.14858400825334","-2.41233511104188","-3.39632723701861","-4.32733487751765","-5.02958033230712","-6.57663277034859","-0.0856776668148891","1.2409335199315","2.25341133385692","2.25341133385692","0.931007640499041"
"-21.0","-15.276","-13.0054006909752","11.8293897175111","4.10604799656208","48.0403627366397","1.11825712346727","9.06064174417313","-4.23794832239674","-4.21285275238283","-1.33754909564047","-3.44960208350414","-3.0256059451128","-3.46333987103309","-4.19935626816389","-4.13913316802444","-4.21040760415006","-0.174047265531401","1.25478163488855","2.71263599443354","2.71263599443354","0.736016397130803"
"-20.5","-15.276","-12.6070291769904","11.7276081450704","4.13334697497639","47.0303680192708","1.13921824742791","8.95302318564097","-5.14614299924482","-4.46047550486988","-1.31823699120916","-3.83531462953176","-3.52746544280962","-4.94341414585634","-4.47824272808866","-4.35475985257901","-5.53300352492872","-0.276191504760037","1.26518622354063","3.04799762845149","3.04799762845149","-0.465171417767683"
"-20.0","-15.276","-12.7580042629361","11.0745727982814","4.16796160975074","47.3407696434291","1.14139442607482","8.66021393956446","-4.36713887577388","-4.77852354849161","-1.35666969804967","-4.49335993033765","-3.78703866853304","-4.93975999661606","-4.67691141361805","-4.25899142049753","-4.77696864579462","-0.423157083621132","1.26272796168088","3.20854309807278","3.20854309807278","-0.262848582998006"
"-24.0","-14.776","-15.6905351001695","12.1440258002089","3.96468192042661","52.9928537813325","1.0190298567649","9.28661650678029","-3.54766004373185","-3.15776242967317","-1.86045519948416","-2.19282639524907","-2.08131431660191","-1.296826422589","-3.86142249006164","-6.90952589287028","-6.11413375930555","-0.0952745626950623","1.17247591747904","1.7351364178359","1.7351364178359","2.56459606747264"
"-23.5","-14.776","-15.1524969200197","12.1821146551008","3.99105560397439","52.1325413089302","0.996924715422622","9.26847775978083","-3.50900171541569","-3.37296896894894","-1.69507021643393","-2.42242478653741","-3.15896376021046","-1.09468621014487","-1.70415832106633","-6.44425340528498","-5.24229160767641","-0.222445063735066","1.19048527201733","2.12248330099667","2.12248330099667","0.609472110921453"
"-23.0","-14.776","-14.6209411252559","12.2137099695212","4.01212775554492","51.1962493100079","0.97521059738274","9.2467327995059","-3.81442704704825","-3.96063245302766","-1.60985079312742","-2.58502520193048","-2.13628974758732","-1.90993007698662","-1.3089040098898","-5.87385533986783","-5.21548584888407","-0.383001263735972","1.20667594616131","1.55994361037972","1.55994361037972","-0.60102606709682"
"-22.5","-14.776","-14.0907073255223","12.2439810274522","4.03303050989775","50.2291908496687","0.967432995837771","9.2223466943883","-3.16601084831303","-4.89524728226012","-1.51292551106927","-3.25203194151208","-2.63899430006586","-2.1459292732345","-2.26627974552317","-5.14835208999203","-5.19679208482898","-0.574166210804752","1.22248168687304","1.96982889299885","1.96982889299885","0.120350472288664"
"-22.0","-14.776","-13.565570833841","12.2691510288694","4.04966456463945","49.2162088828958","1.02873318303032","9.19166158106714","-3.71730923180193","-4.32883786818274","-1.45212034214154","-3.64328250322894","-2.64828203194268","-2.51774800843397","-2.72184287769128","-5.32897960581894","-5.67194467614892","-0.303316118652564","1.23678694176292","2.29514532505176","2.29514532505176","0.204094869257311"
"-21.5","-14.776","-13.0409639511552","12.2937896172479","4.06634303722317","48.0863595696521","1.06486930751744","9.15904794556062","-4.33258000992575","-4.23258793815283","-1.38948597027028","-3.66581998322433","-2.75162367524442","-2.91491322605735","-3.3130215134365","-5.55639198109024","-6.02612118932148","-0.0234394199327005","1.25087414709162","2.67795180360324","2.67795180360324","0.398108287379154"
"-21.0","-14.776","-12.5233886233375","12.3113825215143","4.08622854542768","46.9014288503642","1.12807791387919","9.10874798698981","-4.58344250623177","-4.48170204299238","-1.34317872613886","-3.77056222979667","-3.12584347256788","-3.45201514197827","-4.09175417854174","-4.85322142118108","-5.0678877264906","-0.105298960015969","1.26511455483281","2.9234303765511","2.9234303765511","0.639739036563472"
"-20.5","-14.776","-12.0092004664526","12.325583267676","4.1061257329276","45.6087998099555","1.13622646074489","9.05543855849972","-6.09373682803643","-4.86240789842595","-1.29953378293684","-4.38535090034866","-3.73374978433948","-4.80553408588082","-4.3802031602546","-4.64343758447575","-6.38132245215771","-0.20632834075151","1.27839838676298","3.43995238980938","3.43995238980938","-0.425330925626221"
"-20.0","-14.776","-11.5534085460256","12.2813002123372","4.13048069293588","44.4095526321595","1.14032066933968","8.96908099518892","-4.2899512390738","-5.13525678289355","-1.30979349344171","-4.41566080481463","-4.01114307629541","-4.59736214545881","-4.07955927708969","-4.65751318649676","-5.10726740659261","-0.331763467224843","1.28987614146241","3.53506129274366","3.53506129274366","-0.51780286836912"
"-19.5","-14.776","-11.3132275799463","12.0210570350891","4.16067292078919","43.7259371121619","1.1410098151903","8.80169094480755","-5.34007680276771","-5.08416668800496","-1.43916334997725","-4.34247779078027","-4.53271816799426","-5.12678285088043","-5.32257111402865","-4.05355935677129","-5.119196516426","-0.498140134822097","1.29636933658228","3.62744063522214","3.62744063522214","0.19578826314822"
"-24.0","-14.276","-15.2334757119512","12.6010273185236","3.93510235008683","51.4959000658188","1.01377656406615","9.30187905312904","-3.81478658618562","-4.41489124119046","-2.08751560092578","-3.39500122522289","-3.17572135776323","-1.7760243426701","-1.02077214333178","-7.38056903673679","-6.12518887256738","-1.52291685666952","1.18266937000946","1.44731999496945","1.44731999496945","-0.755252199338322"
"-23.5","-14.276","-14.6896492989031","12.6449130950065","3.96544369668973","50.7542579105306","1.0354732480912","9.28616590369608","-3.60122202027709","-3.60991753848176","-1.81111064612115","-3.07869269642506","-2.5052202398616","-1.89936034912816","-1.2282271051941","-6.79885076336331","-6.12669040919936","-0.109957510465134","1.20133501860129","2.29219835986839","2.29219835986839","-0.671133243934061"
"-23.0","-14.276","-14.1513333362088","12.6832785909532","3.99134469200524","49.9338129137083","1.04229866422325","9.268176903837","-4.09381042704371","-4.09348273537457","-1.6678157378531","-3.15227760869272","-2.18758467137536","-2.09177643749563","-1.49050153838146","-6.33138947360091","-5.39829323210745","-0.233570557513353","1.21799026584831","1.90781826432418","1.90781826432418","-0.601274899114168"
"-22.5","-14.276","-13.6221436614832","12.7125041617131","4.01156766656452","49.0145814673604","1.05478155193041","9.24420160839817","-3.75960356334969","-5.17481500631877","-1.58090053851565","-3.57293685184788","-2.95315427447976","-2.8459798207832","-2.33766304138988","-5.72012132375321","-5.56518149137118","-0.414183598628738","1.23276768342578","2.42840941086366","2.42840941086366","-0.508316779393321"
"-22.0","-14.276","-13.0908041439438","12.7438840141232","4.03307384379992","48.0229605887323","1.06612238476577","9.22195046601591","-3.67962192154905","-4.94766378429858","-1.47416335000489","-4.03941832146437","-3.01723414487206","-2.64732912899706","-2.81515695680142","-5.1083080675502","-5.21086949593956","-0.597787516959223","1.24727546013112","2.36418697873387","2.36418697873387","0.167827827804356"
"-21.5","-14.276","-12.5659351568697","12.7687856025258","4.04972509954952","46.9506851771009","1.11454030985351","9.19031300729399","-4.26654355677468","-4.6186873345322","-1.41239444775282","-4.24379498155414","-3.07419896175481","-3.0304976401727","-3.33681342276944","-5.31452907556899","-5.62436392245865","-0.321474042077889","1.26146866259087","2.71956993988742","2.71956993988742","0.306315782596746"
"-21.0","-14.276","-12.0415892090676","12.7931623771705","4.0664192982085","45.7630139535114","1.13791150349068","9.15678478556768","-4.91553325237625","-4.75079683966955","-1.34911531722627","-4.08778217482357","-3.22408341367597","-3.43906396719777","-3.98358585362184","-5.56737182648398","-5.91707529912801","-0.0363595940923533","1.27543872838232","3.13184349233462","3.13184349233462","0.544521886424069"
"-20.5","-14.276","-11.5184573795943","12.8163214794454","4.08505266284851","44.4592601891824","1.14232039368047","9.11321210897491","-4.12715882985194","-5.19047795079041","-1.32862971313959","-4.17098406025806","-3.4252016765438","-4.61670883282319","-4.21718150174424","-5.09370293322116","-5.84385249978759","-0.117464087906425","1.28849291347283","3.23580018609813","3.23580018609813","-0.399527331078946"
"-20.0","-14.276","-11.0095254351941","12.8252573410264","4.10619646829194","43.1256566480666","1.14779738577346","9.05492385468449","-5.48421288455189","-5.27479841020282","-1.368780084252","-4.52388910460327","-4.10875446341221","-4.54298244506599","-4.04314898301107","-5.72286615614585","-5.27883170270504","-0.205006064882097","1.30090488710559","3.76243815877697","3.76243815877697","-0.499833462054917"
"-19.5","-14.276","-10.5591675063886","12.7754907591074","4.13040329671463","41.9036566475285","1.15402280020939","8.9668152987532","-5.14198922471196","-5.10563956137512","-1.55525890500515","-5.25452163750373","-4.95096754980049","-5.06056739785096","-5.11976704437578","-5.08066837344139","-5.83305554306804","-0.269022996830623","1.31170239896468","4.50662394663023","4.50662394663023","0.0591996465248208"
"-19.0","-14.276","-12.3154411211146","10.4966397663289","4.17509594037302","46.2434587031146","1.15218634831688","8.12930256773495","-5.2623862455421","-5.79327924763819","-1.28806538809885","-5.74341352549186","-5.51665715229733","-5.73575501180484","-5.62201575189848","-4.98347256430386","-5.43573932007385","-0.380409163993195","1.27314468741294","4.93257944039066","4.93257944039066","-0.11373925990636"
"-24.0","-13.776","-14.7826210898348","13.0518135396364","3.90146768364425","50.0458389097186","1.03307708260622","9.31535761100512","-3.00550674469408","-3.75744700077237","-2.85605552810228","-3.1952056183401","-2.02260083781022","-1.43459603678749","-1.85000117832433","-7.11985118133692","-6.0474578636495","-0.538960008426003","1.1915123484984","1.45529234820021","1.45529234820021","0.415405141536845"
"-23.5","-13.776","-14.229393596932","13.1051126110556","3.93839939911693","49.3787212460498","1.08658037362245","9.3018682917412","-3.13985374197998","-4.18924921451355","-2.03425870873245","-3.25562657220715","-2.47656047314315","-2.03031335109417","-1.23811168644671","-7.10344075252294","-6.71999087059614","-1.8155389873768","1.21115429974517","0.592507049418791","0.592507049418791","-0.792201664647454"
"-23.0","-13.776","-13.6874444080492","13.1471189347295","3.9663472507827","48.6599770176049","1.12929387514959","9.28614773760033","-4.22944139472608","-6.12979088340575","-1.78065979250851","-4.00566715660834","-3.86751826661398","-2.21512715635184","-2.46623539010676","-6.71050345173331","-6.10393544622509","-0.111100435745421","1.22825515649061","3.51798788945281","3.51798788945281","0.251108233754918"
"-22.5","-13.776","-13.1536492782467","13.1809579318693","3.99004814214338","47.7986955644885","1.14250375777286","9.26597307409331","-4.35635687936558","-5.45554471206237","-1.64944220048903","-3.89814329300361","-3.27249979561869","-3.53752563721023","-2.41339161653128","-6.29638619175968","-5.93843092500669","-0.251029237766994","1.2430496590602","2.8947876066924","2.8947876066924","-1.12413402067895"
"-22.0","-13.776","-12.6210792978187","13.2135700086188","4.01265129559789","46.8711227634677","1.15455688899311","9.24477549459163","-4.37531537435303","-5.01038530485774","-1.53050355996765","-4.0832560192501","-3.01337005762808","-4.08294830446881","-2.63072689248035","-5.77833694220038","-5.67336930263952","-0.415064540719075","1.25769896912092","2.5546647057174","2.5546647057174","-1.45222141198847"
"-21.5","-13.776","-12.090936655326","13.243751246558","4.03309679009459","45.8150638932644","1.16436909077725","9.22146357243355","-4.19786479823882","-5.0025256737682","-1.43556495301242","-4.81542639308257","-3.39580702081497","-3.14726358104356","-3.36557864086208","-5.08446892385132","-5.25180426979506","-0.615646568540182","1.27205848010116","2.76371349228838","2.76371349228838","0.218315059818517"
"-21.0","-13.776","-11.5679533371241","13.2667630946085","4.04931803527934","44.5586475534282","1.16884198623247","9.1836318675952","-4.83870849149868","-5.14609886590611","-1.4274242038852","-4.38723372617096","-3.65024661615851","-3.51201454880346","-3.74740089386342","-6.04915483830781","-6.70820930941532","-0.152880360719216","1.28501320545265","3.3783610466868","3.3783610466868","0.235386345059965"
"-20.5","-13.776","-11.0433848698951","13.2913616984118","4.06718713234755","43.2512261757888","1.16653875664128","9.14828109829602","-5.0898743205245","-5.66321636354467","-1.45403129618864","-4.36441709374948","-4.0948627800785","-4.0142136929322","-3.88367431314067","-6.13410787557286","-6.42816612781172","-0.085976735326702","1.29777530059191","3.74420576365968","3.74420576365968","-0.130539379791537"
"-20.0","-13.776","-10.5188887139101","13.315887874428","4.08507157491274","41.9427195699746","1.16443590932953","9.11282779190921","-5.33896079410414","-6.17684437589228","-1.48144686789787","-4.34743580468088","-4.53849395504945","-4.51645924892558","-4.0242959282319","-6.21402769292524","-6.15174183151724","-0.022675189708993","1.31053112426837","4.10782963762943","4.10782963762943","-0.492163320693683"
"-19.5","-13.776","-10.0097878194666","13.324994036126","4.10619108041254","40.5231540160111","1.18517887923943","9.05483628886964","-5.03504453879059","-5.96668570880596","-1.73268891104703","-5.63509226300941","-4.88408934136653","-5.02639863029719","-5.03221885041533","-5.27855205800922","-6.77960160056771","-0.869482564118123","1.32233866985065","3.94267380982429","3.94267380982429","0.00582022011813789"
"-19.0","-13.776","-9.55297403041568","13.2817423582372","4.13064282161645","39.1629993120684","1.2197728872079","8.97001897142292","-5.24734029063963","-6.02063020323333","-2.08357629052875","-5.31610601684154","-5.57274874478604","-5.68055468498243","-5.13954865146716","-5.3256491450168","-6.37259956915125","-0.0970756623868719","1.33259638854017","5.02759447968656","5.02759447968656","-0.54100603351527"
"-18.5","-13.776","-9.51142650845111","12.8223327688446","4.1607830590909","38.9050269169179","1.2346704367102","8.72011226715048","-6.22109842234465","-6.06466905619048","-2.29865367646252","-5.34102591323511","-5.49063771982477","-6.17896191239021","-6.51973999776214","-5.09337574107796","-6.09890829486265","-0.625475062666705","1.33411363045392","4.48011181836165","4.48011181836165","0.34077808537193"
"-24.0","-13.276","-14.3431601220342","13.4911886084414","3.85867535110846","48.7257700958201","1.10496029714828","9.32657257165904","-3.06229318596754","-4.41633068617406","-1.03958013487849","-3.35748068493888","-2.52783484270565","-2.46854506884359","-1.87059669726453","-7.13811495579334","-6.68840175100543","-0.218448343041168","1.19861569299943","2.24017746537938","2.24017746537938","-0.597948371579058"
"-23.5","-13.276","-13.7769538630746","13.5574856900345","3.90623122811646","48.0615526925966","1.17184574781716","9.31534313130177","-4.14952573993243","-4.1497096633168","-2.64419020682581","-3.14575309287664","-4.84565869541589","-2.44238194970737","-3.44034433442147","-7.12045021734794","-6.07480325116497","-0.544176949492688","1.21988493674112","2.5904281322398","2.5904281322398","0.997962384714096"
"-23.0","-13.276","-13.2350682893345","13.5994282676062","3.9349097549383","47.2818134799638","1.1957560338952","9.29943064441826","-4.46013694452418","-4.45715529176204","-2.29056073189694","-3.47048314059596","-4.22895495039528","-3.47791394194357","-3.10434422297033","-6.90038024575077","-6.09940162340216","-0.437848883549698","1.23596894132755","2.64181976233463","2.64181976233463","-0.373569718973246"
"-22.5","-13.276","-12.6931827155943","13.641370845178","3.96358828176013","46.5020742673309","1.21966631997323","9.28351815753475","-4.77074814911594","-4.76460092020727","-1.93693125696807","-3.79521318831527","-3.61225120537468","-4.51344593417977","-2.76834411151919","-6.6803102741536","-6.12399999563935","-0.331520817606709","1.25205294591397","2.69321139242947","2.69321139242947","-1.74510182266059"
"-22.0","-13.276","-12.1513770456433","13.683233372343","3.9922117529085","45.7195848787134","1.24285644052881","9.26755226233328","-5.07251672963137","-5.0688915283868","-1.58700644798423","-4.12273039485862","-3.00972451523732","-5.5109889645466","-2.44672681726801","-6.46197229335243","-6.16516029682735","-0.227478895396141","1.2681144461977","2.74987571803736","2.74987571803736","-3.06426214727859"
"-21.5","-13.276","-11.6189301464805","13.7157209026268","4.01433019313368","44.6618312469157","1.20204980359744","9.24577083253306","-4.50931261062834","-5.0234597575338","-1.47887165859235","-4.70868410204777","-3.63179266463225","-3.08523332449056","-3.3768328156589","-6.43986318241358","-7.7705300878108","-0.33511878954653","1.28182545882718","3.2605627375719","3.2605627375719","0.291599491168341"
"-21.0","-13.276","-11.0975084948459","13.7371661445324","4.03049602828175","43.363653368059","1.19525033010231","9.20846142248475","-5.01490734990253","-5.49971401735918","-1.50127913361947","-4.58159813904403","-4.16295033756539","-3.5500734697971","-3.6335556782534","-6.22036143968062","-6.68881480037953","-0.118496902517343","1.2944729955503","3.84510629430773","3.84510629430773","0.0834822084562974"
"-20.5","-13.276","-10.5757241249148","13.7589757598763","4.04830963877245","41.9328725254676","1.21310127568895","9.1705937238847","-5.37876957773559","-5.9062795734716","-1.50363410898421","-4.61404823918235","-4.51566485397839","-4.04552465405162","-3.95333330321888","-6.05716592745387","-6.16257871382793","0.0269568779363637","1.30672494770673","4.26785807816543","4.26785807816543","-0.0921913508327427"
"-20.0","-13.276","-10.0535896261093","13.7811371017887","4.06771383273088","40.374091174292","1.25474706032302","9.13218711411292","-5.60581862254144","-6.24557521896815","-1.48663257765499","-4.80049713877859","-4.696129715145","-4.57052441281216","-4.33397715187067","-5.9483223387307","-6.17254195659758","0.103712692823755","1.31859504545885","4.53443364521865","4.53443364521865","-0.23654726094149"
"-19.5","-13.276","-9.53145512730373","13.803298443701","4.08711802668932","38.8153098231163","1.29639284495708","9.09378050434114","-5.8328676673473","-6.5848708644647","-1.46963104632578","-4.98694603837484","-4.87659457631161","-5.09552417157269","-4.71462100052246","-5.83947875000753","-6.18250519936724","0.180468507711147","1.33046514321098","4.80100921227188","4.80100921227188","-0.380903171050237"
"-19.0","-13.276","-9.01015697327314","13.8246226346398","4.10654313216438","37.2582512896238","1.33778921250184","9.05539357405197","-6.05896051553924","-6.91806658090578","-1.45332835288704","-5.1819452129877","-5.05621322195242","-5.6235955006735","-5.10148062160134","-5.72271192044084","-6.18941696606913","0.258045299452563","1.34232336771868","5.06871430989605","5.06871430989605","-0.522114879072161"
"-18.5","-13.276","-8.68654783677131","13.6480083695601","4.13076379128688","36.1061330628902","1.35957830928952","8.97654195933812","-6.13089667216341","-6.10274821259001","-1.5868069805517","-6.8744753109655","-5.00624772572078","-6.65181751998731","-6.53918062074262","-4.21966229831477","-5.87155186734821","0.6100333534027","1.34994744821977","5.61039843015441","5.61039843015441","-0.112636899244693"
"-18.0","-13.276","-9.19253740328931","12.6422580495406","4.16030548930765","40.5904086804083","1.02724350722961","8.74137756136184","-6.20493776204624","-6.97066854209651","-1.60291210235649","-6.20881386050743","-5.02157571071452","-7.18437012953515","-7.28605947347567","-3.08131544094861","-3.79385021326588","-0.495481679632277","1.31723771631844","4.49865796729949","4.49865796729949","0.101689343940513"
"-24.0","-12.776","-13.9140541010786","13.9201879844689","3.80972893000574","47.5465348210645","1.2228999116051","9.33630657318607","-3.476251818744","-4.63092296255251","-1.06421821583936","-3.55948765417892","-3.18975500303364","-2.83725782139377","-1.20175546002206","-8.04302262218658","-7.23296919407149","-0.0274044161373483","1.20378078136569","3.00642599166999","3.00642599166999","-1.63550236137172"
"-23.5","-12.776","-13.3351096816714","13.9992439448686","3.86660937869783","46.8213012274187","1.3046814265947","9.3269682010038","-4.01874142347595","-4.55977016389389","-1.02626033693102","-3.11921075265941","-3.6953748327655","-3.69233646370857","-2.033928410994","-7.34153569253871","-7.14509155938206","-0.213045265124835","1.22707419104203","2.80355062851925","2.80355062851925","-1.65840805271457"
"-23.0","-12.776","-12.7865292719749","14.0478893607207","3.9002479032702","46.0584242688806","1.29954803503828","9.31308402081311","-4.37881299644657","-5.08101229237374","-1.24631220463436","-3.47757906094038","-3.83985781108581","-3.48400344738156","-2.39828446561746","-6.98609042523198","-7.30050413770378","-0.147894466345079","1.243799346551","3.14974488402738","3.14974488402738","-1.0857189817641"
"-22.5","-12.776","-12.2379488622785","14.0965347765727","3.93388642784258","45.2955473103424","1.29441464348186","9.29919984062242","-4.73888456941719","-5.60225442085358","-1.46636407233769","-3.83594736922136","-3.98434078940613","-3.27567043105454","-2.76264052024091","-6.63064515792525","-7.4559167160255","-0.0827436675653227","1.26052450205997","3.4959391395355","3.4959391395355","-0.513029910813634"
"-22.0","-12.776","-11.6894881105357","14.1450603792505","3.96745286667865","44.5298136886441","1.28853384451055","9.28527518618858","-5.09579730935184","-6.11051086297527","-1.68305611450723","-4.19534032811447","-4.12962853690653","-3.07038801807745","-3.12731054016422","-6.27545988048765","-7.59420014252195","-0.0187969477468151","1.27722411258501","3.84113256395479","3.84113256395479","0.0569225220867703"
"-21.5","-12.776","-11.1547379631799","14.1798582447663","3.99214728728216","43.4824964220289","1.21975783139885","9.26680688102556","-5.18910311756489","-5.29414580323116","-1.54388000604163","-4.69796063551281","-4.31328311895191","-3.0499751580857","-3.50401880929401","-6.00618543341324","-6.16651659761591","-0.00480215383572295","1.29105307600316","4.15841763856329","4.15841763856329","0.454043651208307"
"-21.0","-12.776","-10.6319507498173","14.2026691590754","4.01131346911557","41.9323953543145","1.24097136984961","9.23731630908674","-5.39901706597054","-5.63289396617299","-1.52354614907355","-4.82453239621342","-4.51136245207509","-3.6081485441802","-3.86212292600017","-5.93106354648581","-6.21364049678417","0.0124337317609187","1.3032652844711","4.34416912209891","4.34416912209891","0.253974381819975"
"-20.5","-12.776","-10.1091635364546","14.2254800733846","4.03047965094897","40.3822942866001","1.26218490830036","9.20782573714791","-5.60893101437619","-5.97164212911482","-1.50321229210548","-4.95110415691402","-4.70944178519828","-4.16632193027469","-4.22022704270633","-5.85594165955837","-6.26076439595242","0.0296696173575604","1.31547749293905","4.52992060563454","4.52992060563454","0.0539051124316437"
"-20.0","-12.776","-9.58637632309197","14.2482909876937","4.04964583278238","38.8321932188857","1.28339844675111","9.17833516520909","-5.81884496278183","-6.31039029205665","-1.48287843513741","-5.07767591761463","-4.90752111832146","-4.72449531636918","-4.57833115941249","-5.78081977263093","-6.30788829512067","0.0469055029542021","1.327689701407","4.71567208917016","4.71567208917016","-0.146164156956688"
"-19.5","-12.776","-9.06358910972933","14.2711019020028","4.06881201461579","37.2820921511713","1.30461198520187","9.14884459327026","-6.02875891118748","-6.64913845499848","-1.46254457816933","-5.20424767831523","-5.10560045144465","-5.28266870246368","-4.93643527611866","-5.7056978857035","-6.35501219428892","0.0641413885508438","1.33990190987494","4.90142357270579","4.90142357270579","-0.34623342634502"
"-19.0","-12.776","-8.53642925264207","14.2983057823443","4.08794213354982","35.7243384266708","1.32209227123752","9.12807681782655","-6.23094412826491","-6.95572399567596","-1.4422929304898","-5.41663473556014","-5.31219836027553","-5.86895421338662","-5.36225915860452","-5.55410304696017","-6.31506524623983","0.0689445870903068","1.35242651757763","5.09524247637782","5.09524247637782","-0.506695054782104"
"-18.5","-12.776","-7.90160843706575","14.4336709864636","4.10618433054067","33.9781649688312","1.24765435890082","9.32207719879141","-6.24283654421257","-6.47041818673257","-1.42406539713522","-7.7419213704591","-5.7285362075534","-7.14740183373404","-7.4554438762404","-3.51963098119068","-4.13130520518881","-0.232363365762177","1.37264285668166","5.4876932007785","5.4876932007785","0.308042042506362"
"-18.0","-12.776","-7.34672738154042","14.4889824192169","4.13023290662767","35.1731861374203","1.15961329577629","9.26067896102235","-5.23870969925265","-7.24282854478396","-1.20216133350958","-5.73342472347916","-5.32058260064733","-7.02797278071407","-7.19421954228251","-2.16044415338305","-3.60638388259668","0.289622931932321","1.35540343131281","5.46276671036397","5.46276671036397","0.166246761568445"
"-17.5","-12.776","-9.38380174903054","11.9495863172997","4.16117712612125","41.6007741851792","0.856263401330878","8.34569236531999","-7.01754423204122","-6.7863229215463","-1.87229641329807","-6.0762939559609","-6.42957134722683","-8.22908902817114","-8.07157968924968","-3.11795503983495","-4.24171594021623","-0.134956079023047","1.30774101970889","5.78191503666027","5.78191503666027","-0.157509338921453"
"-24.0","-12.276","-13.4862486546252","14.3478736482799","3.76069834665541","46.5236676138896","1.24604980329826","9.34407307428915","-4.29033773684116","-4.95985254164259","-1.09994254870929","-3.19027163194033","-3.09420777583645","-3.27041512104924","-1.41687339384538","-9.07138680272648","-7.16833482675342","-0.531790265492958","1.20744304030747","2.30657009412814","2.30657009412814","-1.85354172720386"
"-23.5","-12.276","-12.9042855771141","14.4299588379375","3.81919345613376","45.6656837672044","1.42536815067326","9.33651194778689","-4.97216475284228","-4.24926275481433","-1.05680856398905","-3.53342548168711","-3.09185883165604","-2.37704186086186","-2.26467483816216","-9.28281392517995","-8.17426342689098","-0.0311233348405632","1.23276005069634","2.92652317092805","2.92652317092805","-0.112367022699703"
"-23.0","-12.276","-12.3488805954154","14.4854343399086","3.85979474893791","44.8459535357793","1.36676153510835","9.32433388493746","-5.08366199278565","-4.8750887372054","-1.35448165208553","-3.69574338218156","-3.43336044005669","-2.75626289635815","-2.71679586245785","-8.66120046558629","-7.6452345009186","-0.290165548225626","1.25071808139775","2.93656345686621","2.93656345686621","-0.0394670339002979"
"-22.5","-12.276","-11.7934756137168","14.5409098418797","3.90039604174206","44.0262233043543","1.30815491954344","9.31215582208803","-5.19515923272903","-5.50091471959646","-1.65215474018202","-3.85806128267601","-3.77486204845734","-3.13548393185443","-3.16891688675354","-8.03958700599263","-7.11620557494622","-0.54920776161069","1.26867611209915","2.94660374280437","2.94660374280437","0.0334329548991074"
"-22.0","-12.276","-11.2381867825089","14.5962690639872","3.94090058111567","43.202391434406","1.24992599593536","9.30008535786727","-5.30596505603027","-6.12152087658871","-1.9459272435426","-4.02219760516744","-4.11603602881827","-3.51360191486942","-3.61952833275943","-7.41706438245653","-6.5902241561983","-0.804973688380218","1.28659809392709","2.96041076340626","2.96041076340626","0.105926417890005"
"-21.5","-12.276","-10.7004488817402","14.6340567946858","3.96700476212977","41.8088926405706","1.23864457982372","9.30139945948257","-5.44010448121913","-5.89533565172064","-1.72465734763921","-4.51115833770421","-4.43998989814881","-3.66089515678591","-3.83714955242455","-6.60598979459667","-6.50334010118459","-0.476354038374644","1.29984472829874","3.67531520279747","3.67531520279747","0.176254395638635"
"-21.0","-12.276","-10.1634379241537","14.6711163117396","3.99277159870838","40.4077794172285","1.22894315699511","9.30121575388573","-5.57792827031372","-5.69661902836692","-1.51315750976831","-4.98249873043569","-4.75782340435248","-3.82816651151025","-4.06160143354758","-5.83069923351152","-6.4229718782541","-0.162874715931843","1.31304106606276","4.36449078282548","4.36449078282548","0.233434922037332"
"-20.5","-12.276","-9.64065071079106","14.6939272260487","4.01193778054179","38.8576783495141","1.25015669544587","9.27172518194691","-5.78784221871936","-6.03536719130875","-1.49282365280023","-5.1090704911363","-4.95590273747567","-4.38633989760474","-4.41970555025375","-5.75557734658409","-6.47009577742235","-0.145638830335201","1.3252532745307","4.55024226636111","4.55024226636111","0.033365652649"
"-20.0","-12.276","-9.11786349742842","14.7167381403578","4.0311039623752","37.3075772817996","1.27137023389662","9.24223461000808","-5.99775616712501","-6.37411535425058","-1.47248979583216","-5.2356422518369","-5.15398207059885","-4.94451328369924","-4.77780966695991","-5.68045545965665","-6.51721967659061","-0.128402944738559","1.33746548299865","4.73599374989673","4.73599374989673","-0.166703616739332"
"-19.5","-12.276","-8.59507628406578","14.739549054667","4.0502701442086","35.7574762140852","1.29258377234738","9.21274403806926","-6.20767011553066","-6.71286351719241","-1.45215593886408","-5.36221401253751","-5.35206140372204","-5.50268666979373","-5.13591378366607","-5.60533357272922","-6.56434357575886","-0.111167059141918","1.3496776914666","4.92174523343235","4.92174523343235","-0.366772886127663"
"-19.0","-12.276","-8.06415731858239","14.7705295142444","4.06936926030856","34.1931435940266","1.30685462688523","9.19947514421927","-6.40321103669535","-6.99179924439099","-1.43197496550568","-5.64837543194682","-5.56598262803037","-6.11313983102869","-5.61995552156352","-5.38799587146331","-6.4495428839689","-0.117052089794314","1.36247086497529","5.12249959964827","5.12249959964827","-0.493184309465168"
"-18.5","-12.276","-7.45376717087466","14.881345830431","4.08772784708782","32.4962290856847","1.24305929288499","9.35276765079865","-6.47603383765447","-6.60905130209307","-1.39405135083911","-7.46352248017672","-5.82273617246212","-7.30989202883516","-7.44571272941798","-3.91319495918253","-4.51423302934625","-0.236096016897128","1.38086179903586","5.54746064396955","5.54746064396955","0.135820700582825"
"-18.0","-12.276","-6.74258675969892","15.0930560914409","4.10500571962808","32.2687524293718","1.05741789502458","9.36617166055227","-6.05642087396162","-6.12683999301997","-1.4228537634925","-6.36231542991626","-6.85142301054703","-7.10390038437152","-7.92434714786729","-3.16799799168496","-4.27057543105139","-0.0956970600373457","1.38475516574856","5.86502544069689","5.86502544069689","0.820446763495771"
"-17.5","-12.276","-6.35798756127811","14.9777446508656","4.12996339837458","32.7183886388289","1.08655289207552","9.2543481462099","-6.33938065959524","-7.3165151621949","-1.53711792746147","-6.36536095843053","-6.84493993267472","-8.43878873298208","-8.11235811899482","-3.54965430512504","-4.62615345235137","-0.328486415712022","1.37698495256332","5.90931680273572","5.90931680273572","-0.326430613987264"
"-24.0","-11.776","-13.078726370191","14.7552296327298","3.69734137828688","45.3779294966559","0.328348625310429","9.34818466047394","-4.36788829264077","-4.78303724743255","-1.14165421414457","-3.4752418560313","-3.24166387783459","-2.89809523988162","-1.54260515816165","-8.5463631697721","-7.14253387274083","-0.649997046674261","1.20964014452899","2.38668950313654","2.38668950313654","-1.35549008171997"
"-23.5","-11.776","-12.4833371939097","14.8507812079188","3.76446365218134","44.6015662236457","1.43774187462363","9.34430318170816","-4.1904462675657","-6.06331513929201","-1.05088335900797","-4.01760590515258","-3.19339327917545","-4.47867606539929","-2.23659853291446","-8.51126986701468","-7.22547954646597","-0.936665218080577","1.23890350450306","2.19598553778294","2.19598553778294","-2.24207753248483"
"-23.0","-11.776","-11.9144232118835","14.919775151275","3.81827810456814","43.6062683358102","1.34585954269536","9.33458517925432","-5.40250426013523","-5.67552647223136","-1.69077180882414","-4.12890928096762","-3.69099756057189","-3.7850157764975","-2.80626423174256","-8.31076418136628","-7.31821777359346","-0.471709249231534","1.26089022587376","3.05061102255409","3.05061102255409","-0.978751544754933"
"-22.5","-11.776","-11.3455632943175","14.9887148668361","3.87206399020902","42.6107723877833","1.25141240308288","9.32485416230641","-6.61696397937073","-5.28506413678286","-2.33193558959204","-4.23958787681424","-4.18904757307322","-3.08788841197237","-3.37604108265339","-8.10975961906309","-7.40998329442969","-0.00590748271454791","1.28285688711258","3.9063023448878","3.9063023448878","0.288152670681021"
"-22.0","-11.776","-10.7980192666222","15.0363239461365","3.90540949057672","41.3447563093362","1.25171225242474","9.32949713088139","-6.26816867435426","-5.73903241863892","-2.1207519399105","-4.36179225085632","-4.40264152411124","-3.59715372435499","-3.74188522917096","-7.59643197535356","-7.16229377303594","-0.330265795980927","1.29583354569767","3.74517130087114","3.74517130087114","0.144731504815969"
"-21.5","-11.776","-10.2505992868096","15.0838088921872","3.93863464992729","40.077678843168","1.25247969210152","9.33420101002951","-5.91035011575018","-6.19757747036622","-1.90489176339039","-4.48394735714131","-4.61507300160329","-4.11223593273205","-4.10634894453568","-7.08118973528253","-6.91338192509077","-0.658842137682697","1.30876625786149","3.57880245431589","3.57880245431589","-0.00588698819636951"
"-21.0","-11.776","-9.70856031082853","15.1259044221086","3.96790218700075","38.740340264125","1.24655074571606","9.33702095435233","-5.82594677961447","-6.27557034675785","-1.68602503005568","-4.80996182786033","-4.88948521846587","-4.42291226621928","-4.38920208551765","-6.40153291134723","-6.75452017595457","-0.622169018663016","1.3218734384009","3.90221838505963","3.90221838505963","-0.0337101807016284"
"-20.5","-11.776","-9.17213788512751","15.1623743787129","3.99339591013461","37.333062412428","1.23812848259137","9.3356246267459","-5.96675342306254","-6.09909225350268","-1.48243501349498","-5.26703682535858","-5.20236368975306","-4.6063578649348","-4.61918405780115","-5.65521303360981","-6.67942715889229","-0.320947278027963","1.33502905612236","4.57056392708767","4.57056392708767","0.0128261928663561"
"-20.0","-11.776","-8.64935067176487","15.185185293022","4.01256209196801","35.7829613447136","1.25934202104213","9.30613405480708","-6.17666737146819","-6.43784041644451","-1.46210115652691","-5.39360858605918","-5.40044302287625","-5.16453125102929","-4.97728817450732","-5.58009114668237","-6.72655105806054","-0.303711392431321","1.3472412645903","4.7563154106233","4.7563154106233","-0.187243076521976"
"-19.5","-11.776","-8.12656345840223","15.2079962073311","4.03172827380142","34.2328602769992","1.28055555949288","9.27664348286825","-6.38658131987384","-6.77658857938634","-1.44176729955884","-5.52018034675979","-5.59852235599943","-5.72270463712378","-5.33539229121348","-5.50496925975493","-6.77367495722879","-0.286475506834679","1.35945347305825","4.94206689415892","4.94206689415892","-0.387312345910307"
"-19.0","-11.776","-7.59188538452271","15.2427532461445","4.05079638706731","32.6619487613823","1.29161698253293","9.27087347061199","-6.5754779451258","-7.02787449310602","-1.42165700052157","-5.88011612833349","-5.81976689578521","-6.35732544867076","-5.87765188452253","-5.22188869596645","-6.58402052169797","-0.303048766678935","1.37251521237294","5.14975672291872","5.14975672291872","-0.479673564148233"
"-18.5","-11.776","-7.00766135170464","15.3272768295447","4.0692796314528","31.0177923413101","1.23922022875046","9.38056639473978","-6.71355935723119","-6.75496967650229","-1.36263818169366","-7.14888552097333","-5.90559997151277","-7.4665789410115","-7.41698471039807","-4.34651551040103","-4.91480966025091","-0.226881434569834","1.38895107265721","5.60953747707018","5.60953747707018","-0.0495942306134262"
"-18.0","-11.776","-6.29140025245106","15.5440818001203","4.08204388734085","30.5953959210428","0.921887976433669","9.42218466715651","-6.26490529752604","-7.36449583909308","-1.28389404225265","-8.44901665458904","-5.16522520607597","-7.24233899696515","-6.48196441035152","-3.63129252211163","-4.85676258926669","-0.163135323782852","1.39201206636813","4.99090888423663","4.99090888423663","-0.76037458661363"
"-17.5","-11.776","-5.74324866958894","15.5924267870342","4.10449769653867","30.1578614083771","0.926023787326225","9.36317269153417","-6.70363028696764","-7.61395517325687","-1.04085326986693","-7.42205864459867","-7.30761713536891","-8.34263481172611","-7.28425420798553","-5.10326327191236","-5.36839012675002","-1.57870827928518","1.39947131529221","5.37502684831763","5.37502684831763","-1.05838060374058"
"-17.0","-11.776","-5.41263240652183","15.4231180521356","4.12912234018761","30.5771406928481","0.956035514302725","9.24007017226809","-8.92817979359127","-8.51962065035571","-1.09676316858053","-7.79032953447985","-7.39606185477779","-9.05510527230473","-9.33920431787213","-4.17741204446761","-5.9654142333851","-0.358044609121945","1.39464994109659","6.88748398488659","6.88748398488659","0.284099045567405"
"-23.5","-11.276","-12.0762296371266","15.2577555600338","3.69569454712678","43.603629004616","1.24515579871454","9.34999099984022","-4.37844699200162","-5.3767729970595","-1.03881401346","-4.84729708557278","-3.29055159467091","-2.30435504722572","-2.36583010526849","-8.06585119020801","-7.02350957834283","-0.348494815930633","1.24623670693161","2.92851363895416","2.92851363895416","0.0614750580427633"
"-23.0","-11.276","-11.4913252086561","15.3427493187312","3.76451768805987","42.2545414566673","1.3019100243956","9.34365151413176","-5.25712855820428","-5.4718403823563","-1.59435353386305","-4.33235630597071","-4.42357873206618","-3.10929996591855","-2.51093500102545","-8.10507685696957","-8.63313418541391","-0.0799846558400451","1.27454549482226","3.98167969680728","3.98167969680728","-0.598364964893105"
"-22.5","-11.276","-10.9158121819782","15.4183688887286","3.82008190939041","41.0327294715513","1.27829794456278","9.34217358962776","-6.16075907503784","-5.66317047102519","-1.94307844679416","-4.59191872953341","-4.55145548454094","-3.32253371825561","-3.23217777258607","-8.05131932562751","-7.98184087106876","-0.0667166109280419","1.29043815631919","4.19001910956935","4.19001910956935","-0.090355945669538"
"-22.0","-11.276","-10.3520437382889","15.4822200669714","3.86803844667385","39.729131849895","1.26005474924942","9.34643192414384","-6.75224338487075","-5.82044360628811","-2.13380806618811","-4.7898492192861","-4.69333670472747","-3.64358301270665","-3.84196570092941","-7.81987635317167","-7.50390012724176","-0.107168988964812","1.3050919169642","4.31440736837504","4.31440736837504","0.198382688222757"
"-21.5","-11.276","-9.80924282409927","15.5250597061817","3.90271200849696","38.2708470050584","1.25560296470294","9.36094846747489","-6.77328725748032","-5.91045655685252","-2.0453481846412","-4.84399338281872","-4.90305470688553","-4.18623137626841","-4.22330769030807","-7.26856740908236","-7.43726196197436","-0.234558122788352","1.31800800532714","4.32182097409786","4.32182097409786","0.037076314039669"
"-21.0","-11.276","-9.26306777725289","15.5712926467197","3.93632754203434","36.9522352268637","1.2549637163558","9.36829706097105","-6.51757989814721","-6.2696746452305","-1.86382500180377","-4.94781814448297","-5.11475484709598","-4.70874322911082","-4.5923204468529","-6.74360445220851","-7.23747661167146","-0.508910383710683","1.3309362370355","4.20229006435656","4.20229006435656","-0.116422782257917"
"-20.5","-11.276","-8.7166717399169","15.6177520495313","3.96879961187173","35.6717878876795","1.2544569116084","9.37264244922208","-6.21178907800981","-6.65580504179506","-1.64739271247215","-5.10876531801646","-5.33898053878294","-5.18492937565265","-4.94125461861076","-6.19707602809779","-7.00570025072455","-0.767983998951388","1.34390214850306","4.12912156732179","4.12912156732179","-0.243674757041892"
"-20.0","-11.276","-8.18083784610132","15.6536324456862","3.99402022156082","34.2583454076275","1.24731380818763","9.37003349960607","-6.35557857581137","-6.50156547863844","-1.45171251722166","-5.55157492028146","-5.64690397515364","-5.38454921835934","-5.17676668205472","-5.47972683370809","-6.93588243953048","-0.479019840124082","1.35701704618196","4.77663707134986","4.77663707134986","-0.207782536304619"
"-19.5","-11.276","-7.65805063273868","15.6764433599953","4.01318640339423","32.7082443399131","1.26852734663839","9.34054292766725","-6.56549252421702","-6.84031364158027","-1.43137866025359","-5.67814668098207","-5.84498330827682","-5.94272260445384","-5.53487079876089","-5.40460494678065","-6.98300633869873","-0.461783954527441","1.36922925464991","4.96238855488549","4.96238855488549","-0.407851805692951"
"-19.0","-11.276","-7.11961345046303","15.7149769780446","4.03222351382606","31.1307539287381","1.27637933818063","9.34227179700472","-6.74774485355624","-7.06394974182105","-1.41133903553745","-6.11185682472016","-6.07355116354005","-6.60151106631283","-6.13534824748154","-5.05578152046959","-6.71849815942704","-0.489045443563556","1.3825595597706","5.17701384618917","5.17701384618917","-0.466162818831298"
"-18.5","-11.276","-6.5603557040737","15.7744109500344","4.05079328432378","29.5464126459668","1.23353755373568","9.40852970782933","-6.94645302295668","-6.90500098213487","-1.33138877766375","-6.84194354938937","-5.9855467616345","-7.6159738038255","-7.37642794806147","-4.77263297361853","-5.32199663109047","-0.220423883324125","1.39698198820759","5.66426879057487","5.66426879057487","-0.23954585576403"
"-18.0","-11.276","-5.92830100752323","15.9068386694045","4.06296945790194","28.6235154200688","1.0660366381925","9.44303859022884","-6.57515914012077","-7.19199071014946","-1.21704478806193","-6.71182454466413","-6.17899137161061","-7.24240206297675","-7.45131370202901","-4.50104131517248","-5.1838703457788","-0.11259283265115","1.40417696823075","5.78029825912556","5.78029825912556","0.208911639052265"
"-17.5","-11.276","-5.27534915052158","16.0601872774323","4.08015295139829","28.2849090693221","0.885096687899312","9.43868844966516","-6.28940947088782","-6.26103965702196","-1.0558441874596","-6.26623306863338","-5.29012234294809","-7.1141134452196","-7.58280824439558","-4.58059223021965","-4.32153771327452","-0.308172263119801","1.40454238645057","4.89163363652036","4.89163363652036","0.468694799175983"
"-17.0","-11.276","-4.74538815797889","16.0902972828122","4.10233898834728","28.1951625127569","0.772283679611293","9.35586177576143","-7.1745485608359","-6.99187640652805","-1.38429681226505","-6.94961912286458","-6.10063533052239","-8.97282984227932","-8.11318521957026","-4.11887167321906","-5.68930001365834","-0.111719201866743","1.41050789811806","5.93016970653686","5.93016970653686","-0.85964462270907"
"-16.5","-11.276","-4.63497855476987","15.7006225544568","4.12715044857554","29.0876706691119","0.594286508517644","9.1599840368614","-9.063396246521","-9.02431131749202","-2.15166961536753","-9.2467742521967","-8.21654157498349","-10.4063820234405","-10.4408906861827","-5.07353258966974","-6.39668082434653","-0.438082160596397","1.405683265027","7.73943002864075","7.73943002864075","0.034508662742165"
"-23.0","-10.776","-11.076616393681","15.7573284444205","3.70200045690488","40.7724668091413","0.65211253992349","9.35581418634808","-5.4513446151424","-6.22360889405597","-1.31788050490674","-4.48636755916958","-4.35547326349306","-3.00887667041821","-3.12584973809958","-8.10127485582901","-7.82611353507662","-0.391030109573672","1.27420589261162","3.70777244902348","3.70777244902348","0.116973067681366"
"-22.5","-10.776","-10.4860320137647","15.848052089077","3.76810646249477","39.4536777160011","1.30549377602561","9.35953078955838","-5.70315427110124","-6.04392034846405","-1.55287815336603","-4.94500119232079","-4.91208455667335","-3.56123216038512","-3.08906274656309","-7.99353584672867","-8.55010108485096","-0.129598759683389","1.2979906772759","4.4707199373247","4.4707199373247","-0.472169413822031"
"-22.0","-10.776","-9.91074569463073","15.9234453180645","3.82335959887872","38.235052821795","1.27967468811974","9.35815408865368","-6.60799270807003","-6.2381408231719","-1.89697204475773","-5.22191633289185","-5.01670170121709","-3.76055273726257","-3.82434051246152","-7.93780152990315","-7.8462237627536","-0.122295071621143","1.31359897540751","4.65936466871187","4.65936466871187","0.0637877751989438"
"-21.5","-10.776","-9.35867988914905","15.9755692949942","3.86390248945022","36.8451193918001","1.26912891326689","9.36813785240651","-6.88109625416465","-6.35787393220925","-1.93187721564321","-5.33959514802641","-5.19644476471679","-4.20528344744666","-4.30662557148774","-7.52783129027414","-7.59784393457056","-0.211269589566245","1.32728288645527","4.71846569162694","4.71846569162694","0.101342124041083"
"-21.0","-10.776","-8.81587897495942","16.0184089342045","3.89857605127333","35.3868345469635","1.26467712872041","9.38265439573756","-6.90214012677423","-6.44788688277366","-1.84341733409629","-5.39373931155903","-5.40616276687486","-4.74793181100842","-4.68796756086641","-6.97652234618483","-7.53120576930316","-0.338658723389785","1.34019897481821","4.72587929734976","4.72587929734976","-0.059964250142005"
"-20.5","-10.776","-8.27307806076978","16.0612485734148","3.93324961309644","33.9285497021269","1.26022534417392","9.39717093906862","-6.9231839993838","-6.53789983333806","-1.75495745254938","-5.44788347509165","-5.61588076903292","-5.29058017457017","-5.06930955024507","-6.42521340209551","-7.46456760403577","-0.466047857213325","1.35311506318114","4.73329290307257","4.73329290307257","-0.221270624325093"
"-20.0","-10.776","-7.72811628788357","16.1062613473029","3.96724559349196","32.5597141443912","1.25821518028686","9.40709699106071","-6.76699112194016","-6.80031687182207","-1.60689806369704","-5.53384403810962","-5.82686817008072","-5.82033273386664","-5.44275566453484","-5.89077692906345","-7.31265945030699","-0.68755497144044","1.36603892837334","4.65940882784198","4.65940882784198","-0.377577069331803"
"-19.5","-10.776","-7.18953780707513","16.1448905126595","3.99464453298705","31.183628402827","1.25649913378389","9.40444237246624","-6.74440372856019","-6.9040387037742","-1.42099002094834","-5.83611301520434","-6.09144426055421","-6.16274057178389","-5.7343493063083","-5.30424063380637","-7.19233772016866","-0.637092402220202","1.37900503624156","4.98271021561205","4.98271021561205","-0.428391265475595"
"-19.0","-10.776","-6.64734151640335","16.1872007099447","4.0136506405848","29.5995590960938","1.26114169382833","9.41367012339744","-6.92001176198669","-7.10002499053608","-1.40102107055333","-6.34359752110684","-6.32733543129489","-6.84569668395491","-6.39304461044054","-4.88967434497273","-6.85297579715611","-0.675042120448177","1.39260390716826","5.20427096945962","5.20427096945962","-0.452652073514363"
"-18.5","-10.776","-6.1148563072783","16.2197350068605","4.03231253460431","28.0671091297489","1.23136809433045","9.43618501031669","-7.17371964826428","-7.0479579471929","-1.29959799763033","-6.51299873511897","-6.07816693112135","-7.77090326619719","-7.34285462847911","-5.19950150651263","-5.73282457380562","-0.21388775083549","1.40503436446213","5.72678635557735","5.72678635557735","-0.428048637718077"
"-18.0","-10.776","-5.54363794598111","16.2911808084475","4.04590552312022","26.9731574619765","1.1886544068543","9.45454331758097","-6.37949412712911","-7.0993375507557","-1.13537716136919","-6.11090028654994","-6.26092751617904","-8.10504633080793","-7.05888773555949","-4.62713262936552","-5.89680583685832","-0.106638841370087","1.41067793742977","5.75928253422335","5.75928253422335","-1.04615859524844"
"-17.5","-10.776","-4.92210947596341","16.4130664262695","4.05935699079779","26.1947619607274","1.10121183163074","9.46271327077148","-6.12196871384429","-6.52821372898488","-1.57056503611105","-6.04183574365034","-5.92338946244952","-7.60612955977286","-7.16465141291923","-4.1744839717435","-5.26238853309432","-0.382464032457694","1.41279362443071","5.28441444510724","5.28441444510724","-0.441478146853636"
"-17.0","-10.776","-4.24949369323596","16.5861026828295","4.07722707104853","26.0210783172998","0.890471931419701","9.43779958152107","-6.9278992526887","-6.7081035776034","-1.35403710990493","-6.14246170184745","-5.99980041280864","-7.93705774082192","-7.24436872926658","-4.33966621194061","-5.01042955979528","-0.79397601125261","1.41743509261804","4.96985063544348","4.96985063544348","-0.692689011555339"
"-16.5","-10.776","-3.75561018154254","16.5801132279739","4.09805493889882","25.9907819328132","0.623737391926456","9.33272724447387","-8.29335886226624","-9.34360376164578","-1.50790489557031","-8.1952160269549","-8.66172470758972","-10.2156681281438","-9.46572186070696","-4.44040076646542","-5.0041567766797","-0.739329803975617","1.42023052474461","7.32009023567107","7.32009023567107","-0.749946267436864"
"-16.0","-10.776","-5.15267851687407","14.6809917624687","4.12321278741095","30.2846489704583","0.538013692414597","8.62299680337329","-11.1510718111899","-10.0218241433239","-1.38505886810449","-10.9827353952334","-9.39241819176674","-11.3126217565947","-11.0548891029737","-6.33344917881467","-8.12793192690162","-1.09663499363834","1.39479308236692","8.25628676557224","8.25628676557224","-0.257732653620945"
"-22.5","-10.276","-10.0709965382698","16.2629594121751","3.70567072106683","37.9711669767075","0.678057611033305","9.3719789225709","-5.87495660898186","-6.78505404758162","-1.26782782643844","-5.12293836234892","-4.83706920778735","-3.45966582082204","-3.6900850180163","-7.98587592390825","-7.74214577178291","-0.43741615469313","1.29766247510326","4.19789193560336","4.19789193560336","0.23041919719426"
"-22.0","-10.276","-9.48096552641724","16.3531285184129","3.77138415198307","36.6560010662448","1.30687051958256","9.37551128858431","-6.15038790413343","-6.61889070061076","-1.50677175132961","-5.57499879567923","-5.37733077334951","-3.99925117939208","-3.68122548643853","-7.88001805100431","-8.4144839765358","-0.18517722037649","1.32115149636422","4.94006549646721","4.94006549646721","-0.318025692953549"
"-21.5","-10.276","-8.90811695419883","16.4260788838066","3.82509297040347","35.4193917785418","1.28265486183084","9.37532723733812","-6.98890525084898","-6.80529130756597","-1.81840624664521","-5.83519691323411","-5.48983482254805","-4.22433551862492","-4.38994345266742","-7.78709517146591","-7.75842590716676","-0.187981056344137","1.33655776758341","5.11511040915602","5.11511040915602","0.165607934042497"
"-21.0","-10.276","-8.3653160400092","16.4689185230169","3.85976653222658","33.9611069337052","1.27820307728435","9.38984378066917","-7.00994912345856","-6.89530425813038","-1.7299463650983","-5.88934107676673","-5.69955282470611","-4.76698388218667","-4.77128544204608","-7.2357862273766","-7.69178774189937","-0.315370190167677","1.34947385594634","5.12252401487884","5.12252401487884","0.00430155985940901"
"-20.5","-10.276","-7.82251512581956","16.5117581622272","3.89444009404969","32.5028220888685","1.27375129273787","9.40436032400023","-7.03099299606813","-6.98531720869479","-1.64148648355138","-5.94348524029935","-5.90927082686418","-5.30963224574842","-5.15262743142475","-6.68447728328729","-7.62514957663197","-0.442759323991218","1.36238994430928","5.12993762060165","5.12993762060165","-0.157004814323679"
"-20.0","-10.276","-7.27971421162993","16.5545978014375","3.9291136558728","31.0445372440319","1.26929950819139","9.41887686733129","-7.05203686867771","-7.0753301592592","-1.55302660200447","-5.99762940383197","-6.11898882902224","-5.85228060931018","-5.53396942080341","-6.13316833919798","-7.55851141136457","-0.570148457814758","1.37530603267221","5.13735122632447","5.13735122632447","-0.318311188506767"
"-19.5","-10.276","-6.73691329744029","16.5974374406478","3.96378721769591","29.5862523991953","1.26484772364491","9.43339341066235","-7.07308074128728","-7.16534310982361","-1.46456672045756","-6.05177356736458","-6.3287068311803","-6.39492897287193","-5.91531141018208","-5.58185939510866","-7.49187324609717","-0.697537591638298","1.38822212103515","5.14476483204729","5.14476483204729","-0.479617562689855"
"-19.0","-10.276","-6.1956242755426","16.6387733123708","3.99509334189351","28.1670785797258","1.26077860717994","9.44823009137388","-7.07188136097112","-7.3286594732577","-1.39067093132898","-6.07899946437235","-6.41890748585038","-7.13609831553849","-6.220198327678","-5.1208178755928","-7.07335050738951","-0.710190485095","1.39972579777228","5.20078361713853","5.20078361713853","-0.915899987860491"
"-18.5","-10.276","-5.65969386840632","16.6747840506122","4.01332890749855","26.898227855049","1.25732605923596","9.46368270386207","-6.97752624532098","-7.74126318111476","-1.39100800736853","-6.00860259915288","-6.08904186283021","-8.5429258605972","-6.25762154046488","-5.01468319411828","-5.36592251315038","-0.290887981845796","1.40589311648427","5.45133324660775","5.45133324660775","-2.28530432013233"
"-18.0","-10.276","-5.1103047067083","16.7243159056269","4.02895753471272","25.6571352006152","1.22938932723219","9.46381227858475","-6.6538249189667","-7.21581839914748","-1.8872866896556","-6.11640475269122","-6.77951828243761","-7.24172453035563","-7.0978079674813","-5.14613535362076","-5.34142066882445","-0.114925255836387","1.41363436688507","5.90727823454667","5.90727823454667","-0.143916562874334"
"-17.5","-10.276","-4.53093264728655","16.8039399297607","4.04165773991127","24.5566292467473","1.18607167812488","9.46963336027968","-6.46804799951702","-8.53230414771038","-1.41264297402309","-6.16268073482898","-6.25664843033957","-7.34028842270291","-7.19257689712096","-4.29266961241051","-5.25215620571684","-0.377780737084928","1.41811761385901","5.49371677433489","5.49371677433489","-0.147711525581956"
"-17.0","-10.276","-3.91279373515013","16.9224387715445","4.05425734763236","23.886241726549","1.08874609364772","9.40429299490233","-6.16250160480292","-8.57080495728124","-1.07067457434908","-6.24335158621695","-5.79941454106818","-7.22013034979098","-7.24981008311654","-4.89759271023209","-4.4845101873394","-1.18850061908211","1.41854426582317","4.46388143156028","4.46388143156028","0.0296797333255602"
"-16.5","-10.276","-3.25482299537718","17.0808307496527","4.07168882845394","23.7102638583787","0.826282335537611","9.37837629878542","-8.0612797165132","-8.07427950721565","-1.07235551003352","-8.12768848231302","-7.01758467924966","-9.0069526532763","-8.65246247960763","-4.35675135412591","-4.89116428274773","-0.636235140536734","1.4291831157823","6.34278349877355","6.34278349877355","-0.354490173668673"
"-16.0","-10.276","-3.60549716135052","16.229583193686","4.09148344951294","25.3817632654698","0.711118179039139","9.00593866082544","-9.91205154217492","-8.91634034411309","-1.60211682293772","-9.11431905100656","-8.15390258216538","-10.3698838631889","-10.1479055235102","-5.32176708160144","-6.09887709109631","-0.940403790452106","1.42325994286077","7.16748113376318","7.16748113376318","-0.221978339678662"
"-22.0","-9.776","-9.06537668285857","16.7685903799297","3.70934098522878","35.1698671442737","0.704002682143121","9.38814365879372","-6.29856860282132","-7.34649920110727","-1.21777514797015","-5.75950916552825","-5.31866515208165","-3.91045497122587","-4.25432029793303","-7.8704769919875","-7.6581780084892","-0.483802199812589","1.3211190575949","4.68801142218323","4.68801142218323","0.343865326707153"
"-21.5","-9.776","-8.47589903906981","16.8582049477488","3.77466184147137","33.8583244164884","1.30824726313951","9.39149178761023","-6.59762153716561","-7.19386105275746","-1.46066534929318","-6.20499639903767","-5.84257699002567","-4.43727019839904","-4.27338822631398","-7.76650025527995","-8.27886686822064","-0.240755681069591","1.34431231545254","5.40941105560973","5.40941105560973","-0.163881972085067"
"-21.0","-9.776","-7.91475310505898","16.9194281118293","3.82095701317984","32.5353793204468","1.2917290258483","9.39703316560079","-7.11775812014289","-7.34272163348711","-1.61647539610031","-6.38494284197443","-5.99294288253737","-4.78603595336493","-4.85460332322575","-7.49505010856838","-7.85236971449557","-0.29208165694557","1.35874873707448","5.51916873240792","5.51916873240792","0.068567369860823"
"-20.5","-9.776","-7.37195219086934","16.9622677510397","3.85563057500295","31.0770944756102","1.28727724130182","9.41154970893185","-7.13880199275246","-7.43273458405152","-1.52801551455339","-6.43908700550705","-6.20266088469544","-5.32868431692668","-5.23594531260442","-6.94374116447907","-7.78573154922817","-0.41947079076911","1.37166482543741","5.52658233813074","5.52658233813074","-0.092739004322265"
"-20.0","-9.776","-6.82915127667971","17.00510739025","3.89030413682606","29.6188096307736","1.28282545675534","9.4260662522629","-7.15984586536204","-7.52274753461593","-1.43955563300648","-6.49323116903967","-6.4123788868535","-5.87133268048843","-5.61728730198308","-6.39243222038975","-7.71909338396077","-0.54685992459265","1.38458091380035","5.53399594385355","5.53399594385355","-0.254045378505353"
"-19.5","-9.776","-6.28192657939413","17.0523729794074","3.92897380394233","28.192335782768","1.27425717265855","9.44857776769613","-7.14509500707432","-7.50998010994111","-1.32249161116375","-6.42635749765709","-6.49007705108014","-6.34612073745211","-6.27780712023841","-5.75432389854292","-7.42701240774615","-0.702493495955981","1.39637273296271","5.40005950239588","5.40005950239588","-0.0683136172137009"
"-19.0","-9.776","-5.72778688763094","17.1065617528","3.97280694594162","26.916149599186","1.25833230584723","9.48629243954849","-7.04126751190099","-7.39774693061135","-1.1486318249477","-6.18119472337996","-6.17637014884607","-6.86323394382824","-7.44751710318005","-5.12294110852659","-6.36255098560772","-0.776586117737569","1.4028183505687","5.08616232714076","5.08616232714076","0.584283159351811"
"-18.5","-9.776","-5.1981613949189","17.1362374784644","3.99148173652817","25.6699461487158","1.26241417697626","9.48394190303736","-7.07865022041331","-8.03027539241275","-1.13002894612697","-6.59205904157363","-6.32059203411945","-7.96454340010921","-7.24083701530128","-5.28569817542364","-5.75379156355079","-0.427648234084147","1.40824576833628","5.64839209289183","5.64839209289183","-0.723706384807934"
"-18.0","-9.776","-4.65911316744637","17.1753819080348","4.00870923570804","24.3913101644744","1.24577556318385","9.47739863272463","-7.21694973886399","-9.06777500397166","-1.40530405186551","-6.20930417388238","-7.88157914119939","-7.40283660905597","-7.79138887965699","-5.40954958837588","-6.06392589750959","-0.141350763910519","1.41640898599167","5.99993583550095","5.99993583550095","0.388552270601019"
"-17.5","-9.776","-4.11804631729976","17.2165883539501","4.0223948746548","23.1769757834505","1.22154280488177","9.31852947673496","-6.38238554261397","-7.89284990526597","-1.17692779614469","-6.24441967498459","-6.89162156579472","-7.44968584359627","-7.34646678641833","-5.15546250023525","-5.42365632177687","-0.118330949494841","1.4209755598756","5.94200473255349","5.94200473255349","-0.103219057177936"
"-17.0","-9.776","-3.51025908491847","17.324695960594","4.03418264288634","22.0852271783315","1.16771393031502","9.38915267101024","-6.3641952264556","-6.60028024064702","-1.00656004929072","-6.61684713529197","-5.77518220214651","-7.248654411524","-7.09007561878205","-4.47524579683688","-5.30609993769887","-0.614243088325403","1.42464252922641","5.00002220651114","5.00002220651114","-0.158578792741947"
"-16.5","-9.776","-2.81464020567668","17.5208250737875","4.04705139565487","21.4888358600425","0.978496284735863","9.46462652054511","-6.33568927081129","-6.38336836248639","-1.30420734261654","-7.15577494377552","-5.74949562723129","-7.4923565921234","-7.16246946358792","-3.81298100109517","-4.67043776674942","-1.15977812818531","1.42140175984674","4.57174762050499","4.57174762050499","-0.329887128535485"
"-16.0","-9.776","-2.74779161988848","17.087638341593","4.06494036969652","22.5912475050002","0.786046452707208","9.20477918024353","-8.29771051832889","-8.66447502065689","-0.671552215995876","-8.65386853072423","-7.82248712237755","-10.5620406729398","-10.0285675804928","-4.89544535575391","-5.92676210933993","-1.47525103045903","1.4218605850626","6.28112116085481","6.28112116085481","-0.533473092447076"
"-21.5","-9.276","-8.0601534912859","17.2738256633702","3.71227755126725","32.587095289618","0.722444632828059","9.45101091164375","-6.31446103245275","-6.98435632748765","-1.11172067699578","-5.41432450892503","-5.14803229947062","-4.3484789664055","-4.34437058496872","-6.93396743949936","-6.89721164419023","-0.567316934355716","1.33335284588471","4.38510917235169","4.38510917235169","-0.00410838143677578"
"-21.0","-9.276","-7.47083255172239","17.3632813770846","3.77793953095967","31.0606477667321","1.30962400669647","9.40747228663616","-7.04485517019779","-7.76883140490417","-1.41455894725676","-6.83499400239611","-6.30782320670183","-4.875289217406","-4.86555096618942","-7.65298245955559","-8.14324975990548","-0.296334141762693","1.36747313454085","5.87875661475224","5.87875661475224","-0.00973825121658566"
"-20.5","-9.276","-6.92138925591912","17.4127773398521","3.8168210559562","29.6513668623519","1.30080318986577","9.41873909386346","-7.2466109894368","-7.88015195940824","-1.4145445455554","-6.93468877071475","-6.4960509425267","-5.34773638810494","-5.31926319378409","-7.20300504567084","-7.94631352182437","-0.396182257547002","1.38093970656555","5.92322705565982","5.92322705565982","-0.028473194320851"
"-20.0","-9.276","-6.3745555216756","17.4596517744665","3.85513755714008","28.2220816368845","1.29259871184896","9.44054403337593","-7.23502358120477","-7.87646801086591","-1.30000848710123","-6.87851035718171","-6.58541669450122","-5.8285217716389","-5.95510996390726","-6.57256783880427","-7.67415662535466","-0.549319655164413","1.39283088586769","5.80178278283745","5.80178278283745","0.126588192268357"
"-19.5","-9.276","-5.8090028931236","17.5252640254908","3.90826379131847","26.9217816682688","1.26279960483823","9.49546163522849","-7.45129313528223","-7.48878369172036","-1.365550350757","-6.43563801576061","-6.58079078917619","-6.08565377124838","-6.71654154368653","-5.86010682608117","-6.95819230156109","-0.541582601842738","1.3995277055759","5.59369751165678","5.59369751165678","0.630887772438158"
"-19.0","-9.276","-5.26050944733693","17.5738052506965","3.94683078542206","25.6513819852965","1.25004850671933","9.52072740847567","-7.3676481809428","-7.33940345638952","-1.59695216071597","-6.24652973740112","-6.59650435016971","-6.51759798197734","-6.72561706705978","-5.38516968675152","-6.44410924655699","-0.47079214152006","1.40547364007468","5.59453591499364","5.59453591499364","0.208019085082447"
"-18.5","-9.276","-4.73229258534403","17.6020561598219","3.96782840670804","24.4154615111414","1.25805558397432","9.50885299784914","-6.83846212767246","-7.47518450330332","-1.77661680114411","-6.27779567002346","-6.42238837828989","-7.08722222823277","-6.36273812299795","-5.14171384142783","-6.04610398048473","-0.413422883380821","1.41098138501841","5.62964560591303","5.62964560591303","-0.724484105234824"
"-18.0","-9.276","-4.19834964060795","17.6360685504698","3.9856751936539","23.1339668657907","1.25124960807169","9.49209598066713","-6.96616991324949","-7.71038797671025","-1.11601517842218","-6.06865529304565","-6.22246296098903","-7.3242663257809","-6.60082082430961","-5.32732981603201","-6.30930872214452","-0.135007768026173","1.41887852128494","5.70274392736214","5.70274392736214","-0.723445501471287"
"-17.5","-9.276","-3.64802062461525","17.6865364046043","4.00144258633196","21.834374357913","1.2294188028432","9.49718063188232","-6.34223746298109","-7.24449891683631","-1.1789177778127","-6.26038389003663","-6.53237300744034","-7.34463604656382","-7.6262013795258","-5.31569346758954","-6.21522961723391","-0.327072943267172","1.4253083967258","5.74584959774926","5.74584959774926","0.281565332961977"
"-17.0","-9.276","-3.06660939547509","17.7681848940426","4.01571565205501","20.6076616759494","1.1585971929583","9.51628713989755","-6.04677891788943","-6.59122511372582","-1.14375337539738","-6.44760673989301","-5.99411463935914","-7.17703374600978","-7.40719829000008","-4.6424756585451","-5.53092800059447","-0.367381325685621","1.42947952895726","5.4085626643338","5.4085626643338","0.230164543990296"
"-16.5","-9.276","-2.43483702126728","17.9003195647278","4.02732172529011","19.6872862777846","1.00768403723168","9.48784608058891","-6.21609677436362","-7.19364485311029","-0.943602244101621","-6.29815126501004","-6.11238703457099","-7.33592971587828","-7.48204201682765","-3.90144787429854","-5.6375623190636","-0.533349635068471","1.43198284638973","5.22760676166833","5.22760676166833","0.146112300949374"
"-16.0","-9.276","-2.00750242449554","17.8280201804457","4.04069454139274","19.9362363363112","0.82606393976759","9.38316908253394","-6.95698847228936","-7.4973651446045","-0.660365997604311","-6.66022589865165","-6.35124795658993","-9.07332722156755","-8.09213208289163","-3.89557539662102","-5.55764220639539","-0.889262960603252","1.42506937142306","5.16055736911327","5.16055736911327","-0.981195138675925"
"-21.0","-8.776","-7.05066938564543","17.7833363302002","3.71686402735617","30.0204486162822","0.701582052758561","9.48350417016561","-6.33604086641908","-6.81099151440714","-1.13951707221399","-5.27071226380425","-5.82721832179553","-4.55144218069828","-4.72580830896094","-6.62066030225794","-6.78555009021573","-0.366380311258706","1.34569772421391","4.68230119994779","4.68230119994779","0.174366128262661"
"-20.5","-8.776","-6.4672916065291","17.8668254455504","3.78075957344565","28.249949448695","1.31014379058031","9.43212668284608","-7.40506913252055","-8.25587360344486","-1.34175147934801","-7.36003487890811","-6.78142118094493","-5.3263366911154","-5.4021593411372","-7.45249199475981","-8.03439533423203","-0.336150083473676","1.38922050948206","6.31476249453777","6.31476249453777","0.075822650021801"
"-20.0","-8.776","-5.90189923075483","17.9322808064714","3.8330003037268","26.9465140736531","1.27902042179327","9.48650153487614","-7.75646811904706","-7.88987363268811","-1.51456958989213","-6.9657847002123","-6.94551352254171","-5.60832848206255","-5.78098998618491","-6.84382202432833","-7.5065856742828","-0.228462260287536","1.39580383646813","6.292256423241","6.292256423241","0.172661504122362"
"-19.5","-8.776","-5.33650685498055","17.9977361673924","3.88524103400794","25.6430786986111","1.24789705300623","9.54087638690621","-8.10786710557356","-7.52387366193135","-1.68738770043625","-6.5715345215165","-7.1096058641385","-5.8903202730097","-6.15982063123262","-6.23515205389686","-6.97877601433358","-0.120774437101396","1.4023871634542","6.26975035194422","6.26975035194422","0.269500358222923"
"-19.0","-8.776","-4.79235681436718","18.0419275880076","3.92107728483991","24.3791893706617","1.23993436470009","9.52965930513253","-7.79746803383568","-7.33319898666315","-1.46297326371912","-6.26378778386667","-6.85881790934594","-6.46821159760481","-6.45266164007507","-5.55124582815583","-6.43464379006287","-0.154996798920462","1.40911712556917","6.00208469403116","6.00208469403116","-0.0155499575297449"
"-18.5","-8.776","-4.2632818207233","18.0710352635892","3.94312090239548","23.132593745808","1.24584703888196","9.49253688998982","-7.30450996584808","-7.2444422289052","-1.35272395067168","-6.0782328645809","-6.39711196880412","-7.06903511589004","-6.59753925298983","-5.16151874521442","-6.07245441690351","-0.239467889806799","1.41600331517966","5.66695722671347","5.66695722671347","-0.471495862900205"
"-18.0","-8.776","-3.73134891043775","18.1030216167248","3.96158972010594","21.8518572973722","1.24179011967955","9.51996380281956","-7.67901099952834","-7.07068605054889","-2.36549648898264","-6.04432762371474","-6.21643752737697","-7.11970890738465","-6.51966649817714","-5.719756881635","-6.23123073165739","-0.1696017581534","1.42299505349508","5.65097832091966","5.65097832091966","-0.600042409207507"
"-17.5","-8.776","-3.18128251229998","18.1532106413978","3.98236570928806","20.4812879487433","1.18863792259132","9.50592776585223","-6.3068725574684","-8.06018969557751","-1.80874958836601","-6.36781218817891","-6.94887140510536","-7.77656019018317","-6.7620054963208","-5.06843238269612","-5.18578639770241","-0.166677907559451","1.42973220578937","6.09749003753567","6.09749003753567","-1.01455469386236"
"-17.0","-8.776","-2.60159680178192","18.233100843361","4.00116907784032","19.2578480277076","1.02070537761526","9.45473842973108","-6.06115981937567","-6.99106341372451","-1.04375574279629","-6.28326167556199","-6.4397869099691","-7.87244295941344","-6.79641388944284","-4.48997629158569","-5.36260372376847","-0.19920276336056","1.43466987503546","5.85137157474979","5.85137157474979","-1.0760290699706"
"-16.5","-8.776","-1.98449839905693","18.35049517424","4.01269294245427","18.4456209019611","0.818089499473057","9.47097113663264","-7.45957630550664","-7.15879154780925","-1.44631472169646","-6.15021371295145","-7.19626820009817","-7.67068113625931","-7.2050183094595","-4.52628184253845","-4.82371000941762","-0.144167756987283","1.43774422257399","5.95600966363724","5.95600966363724","-0.465662826799814"
"-16.0","-8.776","-1.40541855873313","18.4298241729776","4.02230017476732","17.778056297651","0.722053265844005","9.41832014961621","-7.24840000330078","-7.50033084727685","-0.977349310909024","-6.90861412540454","-6.87369651241847","-7.24440696103839","-7.4163129665846","-5.49444004362323","-6.14888055320746","-0.51790995976298","1.44112960673781","5.90326697538663","5.90326697538663","0.171906005546215"
"-20.0","-8.276","-5.4608077417145","18.373320961105","3.78491996024431","25.721753677956","1.29749856803948","9.50272883305589","-7.22040570891689","-7.64628721491246","-1.21669880608074","-6.77421961387027","-6.36997889119193","-5.78128676095872","-5.43264830955681","-6.23962630242053","-7.04442208705777","-0.404866412498845","1.39789053444941","5.80701106433877","5.80701106433877","-0.348638451401907"
"-19.5","-8.276","-4.88343679333466","18.4507656642844","3.84727475267198","24.3921258824014","1.24451470361674","9.52198433240823","-7.07566155098625","-7.3237882503043","-1.38056059008931","-6.66889798201228","-6.26863575863567","-6.22220029654631","-6.09047323294164","-5.43741601301354","-6.51286500179673","-0.137147080719597","1.40492602731048","5.98209194338593","5.98209194338593","-0.131727063604675"
"-19.0","-8.276","-4.33021256536077","18.5040404500627","3.89062368081654","23.1148699269529","1.22299224574484","9.53268373917972","-7.37248556834813","-7.12525031585534","-1.43448365898501","-6.39832513879467","-6.16286228987072","-6.34175981119961","-6.36323079953078","-5.07209354147462","-6.25334314035588","-0.109521277686573","1.41112869792107","5.84789868402427","5.84789868402427","0.0214709883311684"
"-18.5","-8.276","-3.79346362005147","18.5408309392741","3.91790590178371","21.8387545615851","1.21455408397695","9.53636531103497","-7.5105421838959","-7.11650132649948","-1.29981014015726","-6.11977622277732","-6.09145982583671","-7.00144736573065","-6.3117022586801","-5.05434362986158","-6.72541976063031","-0.116814268508554","1.41892913684409","5.68592932489722","5.68592932489722","-0.689745107050553"
"-18.0","-8.276","-3.25214433024494","18.5822165125416","3.94210169910994","20.5043575502454","1.1684863333864","9.53623929116456","-6.96408276824768","-7.32844982350745","-1.08082522480482","-6.14171455618358","-6.59562503222346","-7.74391827983568","-6.29671099742291","-5.32228745875619","-6.81988123036845","-0.0422333318456233","1.42829040072802","5.91023283644917","5.91023283644917","-1.44720728241277"
"-17.5","-8.276","-2.68929642060884","18.6452007977269","3.96797955353323","19.2082627460729","1.01120547123643","9.52934538861352","-6.58614390807846","-7.61141228688692","-1.29445239563452","-6.22170106624722","-6.92120537282803","-7.41469032579558","-6.61603668426744","-5.0082701926588","-5.98305437317174","-0.123794275855649","1.43529810457032","5.96977487991141","5.96977487991141","-0.798653641528131"
"-17.0","-8.276","-2.1054289465093","18.7292640324511","3.98699126627143","18.2746526517322","0.816747004866441","9.50620593816396","-6.56952440355194","-7.65244310997782","-1.3490216377558","-6.40729900785937","-6.25692839439258","-7.61731766652847","-6.94967508403176","-4.13859122376139","-6.10034776443476","-0.0775266583601268","1.44087791491553","5.92719791173609","5.92719791173609","-0.667642582496706"
"-16.5","-8.276","-1.52070453522656","18.8141739492785","3.99922007241801","17.5434587971856","0.690336220828906","9.45864306966184","-6.70787770664664","-7.86393099357565","-1.15931527635768","-6.47734445198561","-6.69807633217189","-7.40561294463321","-7.36466296082034","-4.48009492323868","-6.08048493610459","-0.0506722838621458","1.44429380231048","6.09391200445648","6.09391200445648","-0.0409499838128745"
"-16.0","-8.276","-0.958941483588394","18.8760922545637","4.00912833860778","16.8388265299609","0.62882704842985","9.38781499831362","-7.11856143975445","-7.98165747715679","-1.10426722029597","-6.3716897093023","-7.3584441412662","-7.2707510573968","-7.70882442841326","-5.28816687954998","-6.66014474929007","-0.158092067999897","1.44678435789366","6.15553730640361","6.15553730640361","0.438073371016466"
"-19.5","-7.776","-4.45414995400712","18.8799917890222","3.78915184755571","23.1947688096414","1.27412402198879","9.57760052818699","-7.2542347766873","-7.13183154568366","-1.34609544685297","-6.27800059423518","-6.04790611459509","-6.11090909750762","-5.9379222535971","-5.21752970255482","-6.15178163407499","-0.575355087103395","1.40800928438121","5.26639829280983","5.26639829280983","-0.172986843910522"
"-19.0","-7.776","-3.87778492490304","18.9564315883164","3.85053782974811","21.8673574150886","1.19233772461021","9.57211490217548","-7.28084867351224","-7.20783459807493","-1.95881308467688","-6.28780246700709","-6.15593838400191","-6.29595630856652","-7.53759349687561","-5.28460603175822","-6.43608219801468","-0.489614978587901","1.41845787083619","5.40094696015364","5.40094696015364","1.24163718830909"
"-18.5","-7.776","-3.34531664024702","18.9889625452911","3.86707886511957","20.5609725657391","1.14802950807448","9.55603400573581","-6.82799691481565","-7.32036669531213","-1.25680697837571","-6.23701912679855","-7.31211534757064","-6.51238135313031","-6.44749869043191","-5.61444226245191","-6.15341724944635","-0.146183700455988","1.42315656163681","6.02922494931308","6.02922494931308","-0.0648826626983996"
"-18.0","-7.776","-2.77259004641115","19.061864814603","3.88280383237515","19.5522911255515","0.971884982077612","9.53676889636192","-6.80324173522744","-7.38185873568918","-1.21699315439215","-6.37843903935687","-6.89195387972842","-6.77262090714729","-6.48611909431297","-4.81224935888401","-6.24050135622188","-0.0652733372797945","1.42859109498581","6.05711883020191","6.05711883020191","-0.286501812834326"
"-17.5","-7.776","-2.21617856164276","19.1184314535881","3.89313731915978","18.8392387806594","0.909396323040792","9.46453590185925","-7.11683265001765","-7.39970974208342","-1.13742913396478","-6.44448547567739","-7.49446030162928","-6.61842055171055","-6.75829551855097","-5.5686551249815","-6.69558104911084","-0.172094750756471","1.43126053354668","6.21196136943586","6.21196136943586","0.139874966840417"
"-17.0","-7.776","-3.01230113888512","17.8208465449907","3.90410910097085","21.118196183896","0.966255059442686","8.97039338831712","-8.43885570519535","-9.01258309112707","-0.768720281398708","-8.0920550388707","-9.1331718787424","-9.12969887615192","-8.29939837480807","-6.75036845567326","-7.57663300178307","-0.557866653998316","1.41608301506517","7.48422703449881","7.48422703449881","-0.830300501343854"
