"#Xi","#Rho","#Lumi","#Mass","#Temp","#G","#Gbp-Grp","#Rad","#O2S","#O2L","#H1S","#N2S","#N2L","#S2S","#S2L","#S3S","#S3L","#Halpha","#Hbeta","#HaNII","#HaSII","#SS"
"-22.951714408593467","-9.776359361583042","-10.868134849414327","13.89707192152586","3.826534781534394","39.72500082118354","1.2610374547703955","8.321184027302314","-7.854182285508172","-8.489991487059765","-1.1363797797296844","-7.256882374785258","-6.195792394917959","-5.638649975647733","-5.102372908709558","-9.156144577376839","-8.891434976267165","0.7639518260333242","1.3139726188606071","6.923563406431218","5.755436818401869","-0.5362770669381751"
"-19.9924173153859","-11.776359361583042","-9.39982767635135","12.416756827230849","4.084897858461355","36.611494443092525","1.0074719924577167","8.377488383376132","-7.766496239658865","-7.2396529214700935","-2.2865094569060576","-8.216811308924742","-6.705533773838407","-9.527243550682787","-8.93070198788447","-5.114525697170842","-6.00436480540245","-0.0987051828344328","1.356618541969091","6.593649048348646","8.73397748241739","-0.5965415627983168"
"-25.035413353088657","-14.276359361583042","-17.190263449496552","9.663228008275757","3.991221644093539","57.53667059853967","1.040152927069549","8.26599637049508","-4.1444808443322","-4.074069402131529","-1.7373116556983035","-3.2336615247487126","-2.1897674820049158","-2.078001568691729","-1.4640732586044307","-5.581864501574768","-4.609948503541013","-0.2016947179780235","1.1304302676581413","1.9504921002231121","1.1678163862982731","-0.6139283100872982"
"-26.0369714977617","-14.276359361583042","-18.274306813861664","9.579624288847212","3.934594389427021","59.10193095193742","1.0124491769846031","8.299942900022767","-4.047207556955908","-4.669586226650809","-2.382999658879101","-3.6363880201078556","-3.7986028756795487","-1.8074325466634544","-1.031330298279608","-6.154405906839975","-5.50265561898242","-1.0414361167780326","1.0866445206108053","2.3674992761954683","-0.07734591523464125","-0.7761022483838463"
"-22.53481276174204","-10.776359361583042","-11.295732584900636","13.054633775897635","3.941392159191468","41.103298031022234","1.380340447775275","8.288919605661727","-7.068338760315519","-7.336204877780593","-1.1205027127505713","-6.276216063034671","-6.293709042741237","-5.050073556332088","-5.544850478820172","-7.006431517210273","-8.317313521750233","0.6573427368146261","1.304404349683731","6.641187224863171","5.586824639794757","0.49477692248808425"
"-19.993959182574805","-10.776359361583042","-8.553830457239332","13.259761102135933","4.048014290938054","34.36755443337312","1.1157530007598808","8.427323786357247","-8.19586056766465","-7.2693792021127175","-1.634137784597445","-7.779891911959945","-6.281664421091493","-8.247030134970915","-7.7801536139756395","-5.099086932262331","-6.058637664288239","-0.02659502558993932","1.365150901493603","6.241494032293188","7.62603592314127","-0.46687652099527654"
"-20.172204647348046","-8.776359361583042","-6.910664288512485","15.076953876830173","3.962369335670021","29.837728295338263","1.2214920882291622","8.494850021680094","-7.384576047114056","-8.457050151185822","-1.199833009798636","-8.98296666070122","-7.058389197846366","-7.714892970433188","-7.152797636019076","-6.095609079987638","-6.5892227666227905","-0.32919771573905604","1.382053082115315","6.724055349227359","6.718397344683919","-0.5620953344141119"
"-26.0369714977617","-14.276359361583042","-18.274306813861664","9.579624288847212","3.934594389427021","59.10193095193742","1.0124491769846031","8.299942900022767","-4.047207556955908","-4.669586226650809","-2.382999658879101","-3.6363880201078556","-3.7986028756795487","-1.8074325466634544","-1.031330298279608","-6.154405906839975","-5.50265561898242","-1.0414361167780326","1.0866445206108053","2.3674992761954683","-0.07734591523464125","-0.7761022483838463"
"-24.534014056625118","-14.776359361583042","-17.127012627171254","9.225900041318715","4.032900678732676","57.8396075916411","0.9605288627383786","8.226599905207358","-3.1669804529234686","-5.045757490560675","-1.6010189333418687","-3.5325398904927363","-2.8239087409443187","-2.036401037402759","-4.017728766960432","-4.739928612014925","-4.122340755888391","-0.4726279171723881","1.1357685145678222","2.2736949174046877","1.559262881699414","1.981327729557673"
"-24.534440704142646","-14.276359361583042","-16.656305143442605","9.69664484451261","4.014058277424336","56.63108649961377","1.0472679434437424","8.246744709723842","-3.4748255721647285","-5.578396073130169","-1.6152882570617175","-3.0664114898033468","-2.862329462763245","-2.0829148093594325","-2.318668294030834","-5.768530409569319","-5.294136287716081","-0.34756025241057986","1.149311505907915","2.3039012463314266","1.536396820740214","0.2357534846714016"
"-22.538619335381238","-11.276359361583042","-11.754341291987702","12.600669944765919","3.9675620156842353","43.11348902691133","1.3676775454279664","8.275311354541811","-6.151995728502731","-7.338092707233979","-1.2509597312965428","-6.704432900037521","-5.082547008070336","-6.184422251675732","-4.83209218999852","-6.171533452647322","-7.192194467729376","0.8414846093353932","1.2860745538755736","5.913780696623238","5.654697732602145","-1.3523300616772127"
"-24.5353117899877","-13.776359361583042","-16.19024633641749","10.163138648973431","3.991562744966425","55.43380939042606","1.1527867856148646","8.263636068588108","-4.21367456560993","-4.309803919971486","-1.6691805335041632","-4.8996294548824375","-3.030258023237146","-2.0839673898114306","-2.7587026128900067","-5.095284454721319","-5.170696227168975","-0.22388020094701225","1.1619367052457805","2.800550141159326","1.7767717298462664","0.6747352230785761"
"-23.532661820185673","-14.276359361583042","-15.600858521397713","9.751013848370379","4.0496056125949735","54.56821531194693","1.1233491480469198","8.194514341882467","-4.396747338018353","-5.467245621007502","-1.4438181533470889","-3.260427655549908","-3.246953438373471","-3.4489161348142194","-3.0446971772383082","-4.212327035312507","-4.557206774060231","-0.9108016331948511","1.183639904221352","2.0418066646047053","1.9895522496819182","-0.4042189575759113"
"-23.534099901276612","-13.776359361583042","-15.128053275292121","10.224899836222281","4.033101936663848","53.41717414586212","1.1648900424885227","8.218797998111738","-4.147886139150239","-5.653647025549361","-1.460672936460625","-4.806597096937582","-3.3932962586663256","-3.1315319009790135","-3.3106911408763797","-4.048079926479707","-4.239426746055606","-0.6013656754616079","1.1957613200360613","2.775478107216228","2.3095420686956727","0.17915923989736646"
"-22.030641254375475","-14.776359361583042","-14.545064233287322","9.305281773660479","4.1303337684950066","51.934369482361404","1.1469766230220628","7.997823080745725","-4.189162848859512","-5.635449004646028","-1.3701828039814843","-4.25328797748334","-4.31069114087638","-4.470826396738277","-5.543633966870957","-3.339229356472303","-4.417255034308723","-0.2557852751858342","1.2176681512862788","3.7242265652228803","4.1797853978161825","1.0728075701326798"
"-22.02965787545012","-14.276359361583042","-14.03274525801431","9.816919576433778","4.106088858382442","50.719014843734115","1.1485938412535717","8.062581984228164","-5.0082424604656515","-5.109076228510986","-1.407823242604133","-4.436400271118469","-4.011084479487313","-4.472627917172388","-5.605548319173784","-4.07350321072678","-4.34332695411515","-0.19921420967223738","1.2300655512060468","3.6733893995511555","4.242557368524436","1.1329204020013957"
"-22.030253271633164","-13.776359361583042","-13.548917476469915","10.301168833401746","4.085040706742194","49.58320431424791","1.1542339084979716","8.1156105116743","-5.090123182009608","-5.697452627512514","-1.5236031732746698","-4.306888884537859","-4.395665926897089","-4.462055040708513","-5.361510743045363","-4.018498511851753","-5.355561410532162","-0.12056003400478296","1.2412475512637162","3.9274228759477907","4.289937169731453","0.8994557023368496"
"-22.53481276174204","-10.776359361583042","-11.295732584900636","13.054633775897635","3.941392159191468","41.103298031022234","1.380340447775275","8.288919605661727","-7.068338760315519","-7.336204877780593","-1.1205027127505713","-6.276216063034671","-6.293709042741237","-5.050073556332088","-5.544850478820172","-7.006431517210273","-8.317313521750233","0.6573427368146261","1.304404349683731","6.641187224863171","5.586824639794757","0.49477692248808425"
"-22.03188773741305","-13.276359361583042","-13.075978677077266","10.775405587225148","4.066661302300677","48.45416576199838","1.1645402638980755","8.156851901070011","-5.8683813356508745","-5.727462222624762","-1.7559704109699783","-5.204119982655925","-4.2656002574794325","-4.478861916295964","-5.847711655616943","-4.106349183014037","-5.0655015487564325","-0.008640997362049757","1.2519300850303683","4.209603627985482","4.452031939098576","1.3688497393209798"
"-22.529917976990795","-14.776359361583042","-15.02616921485706","9.323868522465586","4.105986795521472","53.185995153658425","1.1417738320356676","8.073718350346123","-4.701583619938705","-4.680269505669775","-1.3693687559795","-4.205511953340831","-3.6071272545979207","-4.377993326993195","-5.886056647693163","-3.189431470783587","-4.115827930476088","-0.15064201833870106","1.2034680518626462","3.35883767229795","4.214075343663087","1.5080633206999678"
"-22.530152765391243","-14.276359361583042","-14.54685228295009","9.80317888462613","4.084933574936716","52.05575042176211","1.1439739042098935","8.118925752825776","-4.066462098028295","-6.581698708680254","-1.3659259745125316","-4.110362199593332","-3.3896592885478434","-4.403183064084409","-4.020497151212599","-4.642827742276967","-5.075204004202088","-0.10176861548690322","1.2153202513299302","3.2122568906328715","3.7681872422254923","-0.38268591287181075"
"-23.031564175763553","-14.276359361583042","-15.074214811045772","9.776905347481579","4.066586796470695","53.362925384838384","1.1389725532029118","8.159867847092567","-4.611543547299734","-4.648396927580871","-1.3863695650747594","-4.049148541111453","-3.2065588670223364","-3.3815335078009197","-3.6773672883077766","-4.4680104485874494","-4.021956506090037","-0.019042683770379865","1.1997551772534747","3.129209897096356","3.1846605761778286","0.295833780506857"
"-21.535636910345307","-14.776359361583042","-14.203790652142553","9.149070479568902","4.160618572399474","51.018326586904735","1.1473398364862177","7.866287339084195","-5.686343653381969","-5.9730583720409705","-1.462936857218383","-4.256411849840096","-4.235599677043612","-6.6252516539898965","-6.0034883278458215","-3.82739706879014","-4.202455485638274","-0.3894462946829054","1.2278353057755873","3.5554048154277007","5.52100182243064","-0.6217633261440747"
"-21.529913234295588","-14.276359361583042","-13.559737428775803","9.78967609602639","4.130558899864014","49.46188044144159","1.1516204190300172","7.984527313343793","-5.811071516239147","-5.021499930688541","-1.5828605902726745","-4.993962045002683","-4.6076548446387955","-6.425968732272281","-5.8823973083099155","-4.071245797823346","-5.467372998771109","-0.30838812578558356","1.2432365379410764","4.149783107433104","5.464754303925693","-0.5435714239623655"
"-21.529392048695925","-13.776359361583042","-13.035191541821751","10.314149812968424","4.106122874006654","48.21447395782684","1.160442220167596","8.058805486675906","-5.859177819890689","-5.724688645458189","-1.8513973451939065","-5.3706923599262515","-4.723538195826756","-6.019088062223156","-5.5785606097799505","-4.742801573860656","-5.251501873386263","-0.18588564387087458","1.2551035799561023","4.449394553399207","5.258294673067934","-0.4405274524432062"
"-21.53089581539672","-13.276359361583042","-12.550283043662573","10.800413173587279","4.084933574936716","47.023658371017774","1.1782089352731475","8.1156105116743","-5.106293706935286","-6.1233780839657275","-3.2006594505464183","-5.225556031075035","-4.450383760480914","-6.200659450546418","-5.718966632752273","-4.546987608878545","-5.081340706578176","-0.0019151120634443696","1.26585511354737","4.381095037147229","5.593251171316617","-0.4816928177941458"
"-21.029468597080218","-13.776359361583042","-12.56975166623906","10.279086887897508","4.13046242928158","46.943148193703244","1.1676105850548097","7.975431808509263","-5.200108315343135","-6.753501419204199","-1.021728158389365","-5.3326404538169125","-5.669586226650809","-5.620875853929608","-5.09555495892309","-4.637329070274333","-6.324221658325915","-0.19260028724051473","1.2673360249636418","4.975593904085095","4.789573674729061","-0.5253208950065179"
"-21.03026546639998","-13.276359361583042","-12.036055019739097","10.814142853942135","4.106428894793411","45.570480284020064","1.1966274203985634","8.058805486675906","-6.197979248228024","-6.187755303199631","-1.0565549509749694","-5.5395532161192795","-5.126912014409714","-5.655804284128565","-5.1185582780586065","-5.1732127611837075","-5.493494967595128","-0.6558042841285651","1.2790734895739442","4.329129501860286","4.352084228084485","-0.5372460060699583"
"-21.031872680481378","-12.776359361583042","-11.554439665785987","11.297089275398612","4.0851478121269045","43.98782247467339","1.2653547651323365","8.1156105116743","-6.022642270454699","-6.058041583469186","-1.0195421077239","-5.536704390037998","-5.094473951564952","-7.366531544420414","-5.565590792412499","-5.490797477668897","-6.294906389452127","-0.51173138450454","1.2906132849749863","4.448814836533724","5.047044941252848","-1.8009407520079135"
"-20.610339041287574","-14.276359361583042","-14.288649042788284","8.095740712898222","4.211814430456818","51.20329589017015","1.1491479320147349","7.267171728403014","-5.289967300934246","-6.1382267032813065","-1.0692037370166998","-5.913996294381618","-5.593630164530732","-6.280254507470423","-6.015472686656207","-4.439256698945288","-5.147764060588113","-0.4640732586044307","1.2283746904219073","4.959815847274729","5.362886233844507","-0.26478182081421586"
"-20.530111985449906","-13.276359361583042","-11.570357706322671","10.77922239382558","4.130880313793652","44.15738895793551","1.2223351730897605","7.975431808509263","-8.167491087293763","-6.047546603576967","-1.0534986094304124","-6.23210238398191","-5.919373513078194","-6.2549252084179425","-7.393618634889395","-5.254222782110241","-6.095663207797505","-0.1032533843925944","1.2910134539653804","5.643893584627512","6.121208980826449","1.1386934264714526"
"-20.530552898260474","-12.776359361583042","-11.035383797979009","11.315175207708414","4.10636090880675","42.110476984119956","1.315965027258919","8.058805486675906","-6.2832456425673024","-7.26003230324049","-1.6665527255032495","-6.00797697223615","-5.117304737618403","-6.22337144657985","-6.057694247104106","-5.644740094472621","-6.001697059901459","-0.07078549626260615","1.304576688766113","4.9939693043566695","5.76086436355145","-0.16567719947574408"
"-22.033833119034323","-12.776359361583042","-12.604782947940327","11.248134611987577","4.049721822152435","47.25621423379553","1.1845450546932952","8.191730393362857","-5.227825039175386","-7.54515513999149","-2.721246399047171","-5.196133365715016","-4.435570673002016","-4.664542099310616","-4.123262702859336","-5.057942316158605","-5.975925012692573","-0.316322701181308","1.2625697332175498","4.04974449746892","3.6971742834319516","-0.5412793964512802"
"-24.033670307792146","-14.276359361583042","-16.127096219585308","9.725447461602105","4.0333031013725735","55.649321246086416","1.082964111669348","8.221414237842339","-4.2415423113895345","-4.649170726417032","-1.5214335044061567","-3.2876870913186345","-3.3813244611148603","-2.6972362915270183","-2.130826972678317","-4.142486585223311","-4.2914091548496565","-0.54500278269054","1.166903523871796","2.4859542500036467","1.4815460732845254","-0.5664093188487014"
"-20.042648793689963","-13.276359361583042","-11.520720261080854","10.33400033075943","4.160918499539781","43.921493226263806","1.225574514599785","7.7363965022766426","-6.265760395564545","-7.203633845022479","-1.0356932176960636","-6.403402904373539","-5.5292955702772115","-7.320572103387881","-6.433209087618408","-5.159204101152906","-5.809108283077831","-0.026225806029419683","1.293185706706598","5.448599766135309","6.354054928358853","-0.8873630157694729"
"-21.532718321621772","-12.776359361583042","-12.080402968725048","11.271679827138968","4.066512277856596","45.70819105044269","1.218634277487169","8.156851901070011","-6.72399801003795","-6.318035541005317","-1.0448897690294483","-5.262330372643358","-5.294992040666664","-5.188626102946107","-5.597394758080085","-5.409938769196257","-6.1671080552402096","-3.3979400086720375","1.2765996535576432","1.579384229374235","1.64762450499948","0.4087686551339784"
"-19.9924173153859","-11.776359361583042","-9.39982767635135","12.416756827230849","4.084897858461355","36.611494443092525","1.0074719924577167","8.377488383376132","-7.766496239658865","-7.2396529214700935","-2.2865094569060576","-8.216811308924742","-6.705533773838407","-9.527243550682787","-8.93070198788447","-5.114525697170842","-6.00436480540245","-0.0987051828344328","1.356618541969091","6.593649048348646","8.73397748241739","-0.5965415627983168"
"-20.172204647348046","-8.776359361583042","-6.910664288512485","15.076953876830173","3.962369335670021","29.837728295338263","1.2214920882291622","8.494850021680094","-7.384576047114056","-8.457050151185822","-1.199833009798636","-8.98296666070122","-7.058389197846366","-7.714892970433188","-7.152797636019076","-6.095609079987638","-6.5892227666227905","-0.32919771573905604","1.382053082115315","6.724055349227359","6.718397344683919","-0.5620953344141119"
"-25.53606852231716","-14.276359361583042","-17.728942470240725","9.624692153673921","3.9657706632968646","58.3561269799949","1.0340967773581369","8.28443073384452","-3.6501399178076688","-3.620694482249418","-1.947306058075032","-3.1906423297888944","-2.596022036330645","-1.9125735429637145","-1.233215484502141","-6.434979071654706","-5.6585654754218595","-0.07479107858799645","1.1099158630237933","2.422822774537833","1.075912380577277","-0.6793580584615735"
"-21.031872680481378","-12.776359361583042","-11.554439665785987","11.297089275398612","4.0851478121269045","43.98782247467339","1.2653547651323365","8.1156105116743","-6.022642270454699","-6.058041583469186","-1.0195421077239","-5.536704390037998","-5.094473951564952","-7.366531544420414","-5.565590792412499","-5.490797477668897","-6.294906389452127","-0.51173138450454","1.2906132849749863","4.448814836533724","5.047044941252848","-1.8009407520079135"
"-19.641735680978705","-12.776359361583042","-12.483745464605178","8.909224306021333","4.160708572292429","46.91942389885193","1.1909311993682294","7.243038048686294","-6.376130731649698","-7.43074316667139","-1.0515870342213989","-6.424119684319354","-7.235823867609669","-7.0227795533646145","-7.391687957302673","-4.754981129262247","-6.022733787572707","-0.5479067509822686","1.268975581097807","5.8139036088268945","6.320250118213037","0.36890840393805807"
"-19.479631111973397","-11.776359361583042","-8.723308171459667","12.585028950140225","4.1062249048967985","37.30229129158468","0.9844256377095775","8.35314654621398","-6.333482019445119","-7.511590311096802","-1.9796387173522922","-6.05531996611869","-6.265200170411153","-8.348721986001856","-7.638461028730721","-4.199145508496439","-5.094258072608398","-0.790484985457369","1.348752559257216","5.0561880530517245","6.770656355122069","-0.710260957271135"
"-20.530552898260474","-12.776359361583042","-11.035383797979009","11.315175207708414","4.10636090880675","42.110476984119956","1.315965027258919","8.058805486675906","-6.2832456425673024","-7.26003230324049","-1.6665527255032495","-6.00797697223615","-5.117304737618403","-6.22337144657985","-6.057694247104106","-5.644740094472621","-6.001697059901459","-0.07078549626260615","1.304576688766113","4.9939693043566695","5.76086436355145","-0.16567719947574408"
"-20.547303242316378","-10.776359361583042","-9.177497377472115","13.187167749845635","4.032094713052902","35.640615439101985","1.141635868072484","8.331427296520744","-7.646660904688695","-8.19151894343405","-1.0229626647753187","-7.318758762624412","-7.586700235918748","-7.273435783837756","-7.32550628270365","-6.215668051977851","-8.413412695328246","-0.051195954067188784","1.3576490329184676","7.080159607537985","6.946465165040755","0.05207049886589447"
"-17.042298535568428","-9.776359361583042","-6.81044066365341","12.031635013210307","4.111833578148847","34.281807580485356","0.6624836421455029","7.371067862271736","-10.086239113587677","-11.058786812414679","-1.1856857997925403","-11.2518119729938","-11.217527375833713","-11.242831807785727","-11.257982252859861","-7.431329021990103","-8.001784267629041","-0.5179844235492883","1.3623693625010485","10.415317026027717","10.43132654869183","0.015150445074134308"
"-17.96050905493406","-10.276359361583042","-5.6734549046004705","14.116589551661985","4.094051655509965","30.807235520889193","0.5911443907223344","8.35506820634885","-10.344861565188618","-9.277695213125673","-1.07448164182257","-9.108574057152007","-8.0007389288869","-10.383839687152417","-10.353890478021151","-5.3226668485800985","-6.177766519761156","-1.033248335948622","1.389325591817493","6.9348667473038725","9.034328637674639","-0.02994920913126491"
"-17.913899321109064","-9.776359361583042","-5.111934633309768","14.631266573055193","4.068556895072363","28.54361805173434","0.7484539029931057","8.40739090447073","-8.767766478885266","-8.701583619938706","-1.1685141607513425","-8.27843668164252","-7.475733731233022","-10.145511774955569","-9.717604495257474","-5.544698228342924","-6.592779107072603","-1.530177984021837","1.3997948225782166","5.882032503505362","8.049651650250095","-0.4279072796980953"
"-17.79773426193914","-9.276359361583042","-4.510801800606643","15.115917766472593","4.04680721355374","26.342098596181586","0.8593900597429176","8.47202469770028","-6.302421966348887","-7.174314291978241","-1.3840499483435988","-6.190036478285986","-6.070121476343217","-9.17979854051436","-8.028816959143839","-4.042057664554595","-5.002613615602686","-0.667965722972482","1.3905995468029917","5.156957555851307","7.3312099004219125","-1.150981581370521"
"-17.71929193439042","-8.776359361583042","-4.068554115378621","15.47713624039222","4.02649240705284","24.3024468632755","0.8978665642190116","8.505828033854836","-6.365220541854049","-7.3796557002455065","-0.9601894458516497","-6.307064997468863","-6.396422631848533","-8.770062314092065","-7.071450532998337","-4.854803593885818","-5.211266141172293","-0.8401321529074334","1.399812119978673","5.208287502189175","6.222711181503063","-1.69861178109373"
"-17.89806771449603","-8.276359361583042","-3.899394830412254","15.821330254882891","4.006979190574277","23.339426955424116","0.7881534551336635","8.500373714353374","-7.605023280445436","-7.1283103343144845","-1.6420651529995463","-7.273761953197362","-6.287939857538925","-8.07727454200674","-7.344093581819785","-4.004496429734994","-5.849857838151442","-0.40516564441668207","1.4066423553507665","5.840073330415043","6.865264629281348","-0.7331809601869551"
"-18.200385548647795","-7.776359361583042","-3.7982282465431076","16.222166547413423","3.9874919759997765","22.86533783678268","0.7075814042124762","8.51785541893003","-7.534617148551582","-7.118501220385017","-1.8693446509779694","-7.097290187030123","-6.05124481983173","-7.289459552066703","-7.370590400897281","-4.3588234533868855","-5.535510452566029","-0.1612768099686281","1.4094427867089556","5.85256527432695","6.865826405594827","0.08113084883057813"
"-20.026250404571336","-12.776359361583042","-10.676771646388094","11.169442767699067","4.130816050034745","41.22274358464382","1.3212699394952594","8.095169351431755","-6.647817481888637","-7.198596289982645","-1.4824082692880922","-6.7677664788852665","-6.399135963690161","-7.004189368323957","-6.450016388840311","-4.593800576336688","-5.030490901403433","-0.18442225167573273","1.3115843472043036","6.060007767695467","6.158674977767622","-0.554172979483646"
"-17.541257792287745","-10.276359361583042","-7.7206729417816105","11.629555080736196","4.11747016362012","37.17332519535513","0.6472562596865217","7.484299839346786","-11.100179497572904","-11.492279023314387","-1.3234892897174464","-10.278354233710253","-10.30042240860109","-12.251037138743838","-11.769551078621726","-8.76447155309245","-8.403952992454562","-0.07319468988839396","1.3434873702383021","9.9150234795635","11.572504747766246","-0.4814860601221126"
"-17.467088977453095","-9.776359361583042","-4.972531044324713","14.323957560068807","4.088348752288529","29.266682014432483","0.6878379360902045","8.218797998111738","-10.97183558057553","-11.754240644032723","-1.1511952989481962","-10.373556974668706","-10.709965388637482","-12.634324859544082","-11.39190205367472","-6.8823973083099155","-7.174638804047366","-2.1944991418415998","1.3921163338160099","8.014442114566574","9.173235953455546","-1.2424228058693618"
"-17.425999176600126","-9.276359361583042","-4.247409683663483","15.008659811766007","4.063520999689991","26.67770463879431","0.750093181311275","8.33945144130644","-10.362510270487489","-10.024522236834125","-0.5723516288130673","-9.736600668665998","-9.311135431945209","-12.354577730650908","-11.819874124835946","-6.197294672925648","-7.432620692349022","-1.2947351376825957","1.3976445879699173","7.877960221227669","10.413896011865821","-0.534703605814962"
"-17.32075372701256","-8.776359361583042","-3.5536843547007506","15.597298718328554","4.040958173384207","24.24433131023074","0.7865428127367515","8.428944290035574","-8.950781977329818","-8.751046384504292","-0.424119684319354","-8.165325025537255","-8.040958607678906","-10.003575896044909","-9.093072652691044","-5.162348442153608","-6.2452695309762465","-1.0648455527838316","1.390334447511852","6.73282963438662","7.977892051230153","-0.9105032433538648"
"-17.236635091754042","-8.276359361583042","-3.0623761680781674","16.002034781601925","4.020609853377705","22.4573232153225","0.6983461540054492","8.46908529912312","-7.354283060630396","-8.60101893334187","-0.8927900303521317","-7.163675884293248","-7.037157318798758","-8.157265981051731","-7.5395532161192795","-5.551448260798422","-6.116338564846383","-1.1592667653881932","1.4075438579770623","5.635528870663662","6.286462185175175","-0.617712764932451"
"-17.484471953254968","-7.776359361583042","-2.9825548770010126","16.325158267191195","4.001517376823505","21.94757599812459","0.607969313242549","8.47928731647617","-7.3879582553547305","-7.535063570878267","-1.1589535345906963","-7.127902025725773","-6.399353764337605","-7.842543231865775","-7.230548820597963","-5.160207815554671","-6.026548855975065","-0.3540867249661558","1.413986713695285","5.970877716995764","6.781520869883256","-0.611994411267812"
"-20.00650061980145","-12.276359361583042","-9.901670073249722","11.93000288637374","4.10636090880675","38.92184567455439","1.217942201289567","8.321184027302314","-6.480434499119491","-8.8153085691824","-1.011351874764249","-6.6399749108106025","-6.205372555335492","-8.55455148573395","-8.00480370840282","-4.114695332411032","-5.843450848668219","-0.34534224535047536","1.3357586933703935","5.724065266206926","7.55157275280791","-0.5497477773311295"
"-17.01679820128576","-9.276359361583042","-6.12043187503527","12.708427384509902","4.083215862155997","32.28704658103769","0.45103843586387526","7.537819095073274","-9.527389802403956","-10.044697177238309","-0.5718652059712112","-9.479385478121763","-9.033670504836122","-11.215668051977852","-10.14351278713137","-7.646468440922238","-8.330869152626667","-2.010105436281227","1.3610664497539422","6.890559286032815","8.09810073056339","-1.0721552648464825"
"-16.916367185942683","-8.776359361583042","-3.5185974364587076","15.228173170548194","4.058615797010562","25.052194721703994","0.7439503860367687","8.221414237842339","-11.038057116858612","-11.317674381332193","-0.26003230324049065","-11.182831427618945","-11.10902040301031","-12.538651566352017","-12.03990993209508","-8.11120293254332","-9.25476901547186","-1.022322112326006","1.4052438798633042","9.821007611119867","10.897954112534075","-0.4987416342569367"
"-16.795196204785217","-8.276359361583042","-2.9859733217473474","15.639211371751989","4.036588976755405","22.80137718532252","0.7756186045708056","8.186108379813206","-10.080137746444462","-10.08186477383364","-0.28058584029740663","-11.330683119433887","-9.714667772356115","-11.758453519403451","-11.039481657219293","-7.2652801583443205","-8.301377570297902","-3.494850021680094","1.4036694793552813","6.209428978471071","7.468720712693231","-0.7189718621841595"
"-16.798301270172423","-7.776359361583042","-2.506358608931163","16.116077355785407","4.016490131620828","21.232556621447372","0.6429251544516887","8.191730393362857","-7.812761380168522","-8.796423225022027","-1.1396619934290064","-7.386898483033088","-7.978810700930062","-8.823908740944319","-7.4077121840478695","-6.109355463704753","-7.2432878398352285","-0.8353497840657033","1.414923234177824","6.452590073473222","6.5560172264442595","-1.4161965568964494"
"-17.18144614621049","-7.276359361583042","-2.3033881309524085","16.69917945746366","3.997298992409514","20.743233426554273","0.5909408989523897","8.286680969354931","-7.010060986715464","-7.892450870255313","-1.1276688787697493","-7.644931793651149","-6.609948503541013","-7.8407336689065055","-7.229810977264007","-6.6763354643919","-7.074069402131529","-0.4092695942073097","1.4222121710342237","6.162352604493603","6.725389500168107","-0.6109226916424991"
"-16.522323427906745","-8.776359361583042","-5.642094910562758","12.674884857453092","4.0789640445017605","30.72379083590583","0.6644837017790834","7.290034611362518","-9.557677044254426","-10.083282922401187","-1.0190426837703799","-9.624519285381428","-9.18876022724671","-11.105794740857917","-11.26496029496628","-7.615288257061717","-8.036164969297852","-2.3925449767853313","1.3768505858476092","6.660560828112342","8.484551374041343","0.1591655541083629"
"-19.964238218562812","-11.276359361583042","-8.937958174715984","12.848547152251259","4.065766387622749","35.60522922549914","1.0143391740218561","8.417471693203293","-7.883724412419456","-7.496209316942819","-1.3175841383226414","-7.222210812565132","-6.024384402033105","-8.27490547891853","-7.031423664824502","-5.322119418488409","-6.006696062080525","-0.7194216296319237","1.360252508193671","5.278261088107476","6.287892331205948","-1.2434818140940285"
"-18.989676140626486","-11.776359361583042","-8.378477528423058","12.44054795591809","4.130591051963374","37.66192076717894","1.061193179694385","8.23426412437879","-7.24184537803261","-7.999565922520682","-1.0713481533463054","-7.005946936412324","-7.22548303427145","-9.043351420794796","-8.336864685042245","-4.115998075231213","-5.123435786016154","-0.2734357838377553","1.3421264699557252","6.527522481700762","7.9854914437889235","-0.7064867357525508"
"-18.974477495635718","-11.276359361583042","-7.728705240394013","13.074419456160035","4.104623660435326","34.84436420828995","0.9525946836167236","8.343408593803858","-8.033389013318066","-7.5210008683266425","-1.3439017979871681","-7.843450848668219","-6.28718199979215","-8.872895201635192","-8.087299791809139","-4.525346746637937","-5.033670504836122","-0.05443294655761147","1.3676912979646583","6.2208489203899715","7.966975726622314","-0.7855954098260527"
"-18.906878600572405","-10.776359361583042","-7.161071331687426","13.573825474009393","4.081203239306576","33.20738751768323","0.7859038619859078","8.414137362184476","-6.756465898167938","-7.641303900426189","-1.3676439537609268","-6.0400051616715835","-6.196338076763776","-9.164943898279883","-8.30715308072277","-4.120158944013437","-5.166343003107127","-0.8401321529074334","1.3691601750609539","4.970012733302952","7.410595438794147","-0.8577908175571138"
"-18.88136516806078","-10.276359361583042","-6.787362162960015","13.918438973961377","4.05922251252969","30.962296475677952","1.0341628989356124","8.436957330669449","-7.330683119433888","-7.349401101827343","-2.136677139879544","-7.134718315004389","-6.0066078625509975","-8.698970004336019","-7.3962062958630375","-5.542269451754001","-5.937794191180287","-1.2421486563144202","1.3824673220158301","4.733271274403191","6.13295074148109","-1.3027637084729817"
"-21.607054679914803","-7.776359361583042","-7.585703702280043","15.834365252566895","3.77326702829461","30.972560614937755","1.3443759787646776","8.520483532740792","-8.013586594534532","-8.053449489430145","-1.7251496799833352","-7.029374223311706","-7.153106456683375","-6.262330372643358","-6.292259545726229","-6.142124974476437","-7.149108815864076","-0.16323295260579468","1.364907289558034","6.622585738730384","5.812774242787735","0.02992917308287058"
"-18.896369310482665","-9.776359361583042","-6.414341672926311","14.303368189639706","4.03996902686746","29.310246768573638","1.1403230302817562","8.446381812222443","-7.225556031075035","-7.442853857681637","-1.1563935280754891","-7.938924676370208","-6.671416550285798","-8.340654364253822","-7.630042392653947","-5.070990014506039","-6.757458571701616","-0.8787685448503785","1.3897683609379796","5.76980236730192","6.674011386169713","-0.710611971599876"
"-18.876118957316287","-9.276359361583042","-5.962284905860215","14.733252145310866","4.021272013951038","27.857031065444897","1.181440798188472","8.45863784902565","-7.784098186795968","-7.703334809738469","-1.025028005701931","-7.014438812226655","-6.770830297460899","-8.281830594608692","-7.3222106089311385","-5.0148880204606465","-6.20753826865305","-0.36612773734166726","1.3939435393155746","6.208615270496553","6.910860142229096","-0.9596199856775541"
"-20.74621562923442","-7.276359361583042","-6.15335884501803","16.406753858754467","3.828305357252508","27.437913255768144","1.2341445668639182","8.555698894718901","-8.362710452321826","-8.240558802866303","-1.1487416512809248","-7.112945621949043","-7.773400094792643","-7.019814763052665","-6.905878404159439","-6.503347060749082","-7.370488465799546","-0.12959609472097294","1.3828811671814354","6.897507120842483","6.528494785099259","-0.11393635889322634"
"-20.601000515907586","-6.776359361583042","-5.565696983313272","16.84901014390104","3.775034890527529","25.853146976977843","1.1975911397221992","8.57576498053672","-8.48214458106997","-8.803823814960026","-1.1320613491092153","-7.16992483357025","-7.051293691095148","-6.581367312645934","-6.064694309710075","-6.337336590425962","-7.883724412419456","-0.11086644403327607","1.3860171398068466","6.694674718523197","5.838444528207843","-0.5166730029358597"
"-20.541672860414806","-6.276359361583042","-5.051533321697269","17.30435387894659","3.7210352806230325","24.48694489253523","1.0300184561072108","8.599337132992488","-7.199695422443802","-8.730253626869233","-1.4320330931768457","-8.164309428507574","-6.103088159173975","-6.299036821840451","-5.6113660306482105","-6.82623117686335","-7.354086724966156","-0.18655245573517878","1.3865168006867679","5.912780064189575","5.343728593443121","-0.6876707911922398"
"-18.86704737670923","-8.776359361583042","-5.5033398942794305","15.181901190900557","4.0011710149414","26.538774702895772","1.1829298563380455","8.485011214578574","-7.098378235906643","-7.358724242768087","-0.9601894458516497","-7.8523236757589014","-6.287939857538925","-9.09528445472132","-8.254144804826272","-5.795608668080701","-6.7342390832823895","-2.065501548756432","1.3964608915070758","4.210755533827918","6.130154532763702","-0.841139649895048"
"-20.026250404571336","-12.776359361583042","-10.676771646388094","11.169442767699067","4.130816050034745","41.22274358464382","1.3212699394952594","8.095169351431755","-6.647817481888637","-7.198596289982645","-1.4824082692880922","-6.7677664788852665","-6.399135963690161","-7.004189368323957","-6.450016388840311","-4.593800576336688","-5.030490901403433","-0.18442225167573273","1.3115843472043036","6.060007767695467","6.158674977767622","-0.554172979483646"
"-20.00650061980145","-12.276359361583042","-9.901670073249722","11.93000288637374","4.10636090880675","38.92184567455439","1.217942201289567","8.321184027302314","-6.480434499119491","-8.8153085691824","-1.011351874764249","-6.6399749108106025","-6.205372555335492","-8.55455148573395","-8.00480370840282","-4.114695332411032","-5.843450848668219","-0.34534224535047536","1.3357586933703935","5.724065266206926","7.55157275280791","-0.5497477773311295"
"-19.964238218562812","-11.276359361583042","-8.937958174715984","12.848547152251259","4.065766387622749","35.60522922549914","1.0143391740218561","8.417471693203293","-7.883724412419456","-7.496209316942819","-1.3175841383226414","-7.222210812565132","-6.024384402033105","-8.27490547891853","-7.031423664824502","-5.322119418488409","-6.006696062080525","-0.7194216296319237","1.360252508193671","5.278261088107476","6.287892331205948","-1.2434818140940285"
"-20.25200219963973","-8.276359361583042","-6.526250379014281","15.540819792093952","3.9343570300168476","28.755498456453438","1.218235111760979","8.467608105583633","-7.726073219899474","-8.300075597257523","-1.0497812333581367","-7.96818772866963","-7.7942544590573375","-7.326886895761766","-7.475344287642223","-6.266883018557936","-7.4939010400715595","-0.28692967414436066","1.3841024079485165","7.284611552340059","6.8068430628032806","0.14845739188045656"
"-19.496559522528578","-12.276359361583042","-9.363450940473326","11.962387230643719","4.130944568044679","40.146875295037546","1.1157749645393906","8.246744709723842","-6.300595918184663","-6.156331277020856","-1.233959139618611","-6.12801864615663","-5.399353764337605","-8.012110390002254","-7.458545571252411","-3.8043770564130632","-5.07727454200674","-0.01452861671041231","1.319355941066902","5.310454181669021","7.336965005577427","-0.5535648187498436"
"-18.979447786296845","-8.276359361583042","-5.161826585045422","15.634811307515234","3.9779064276371185","25.50287208508854","1.158197608761764","8.501743729627995","-7.287350298372789","-8.277612905822876","-1.2046066650687106","-7.107849722098636","-6.941953769604718","-8.274660184090262","-7.151564544668529","-5.522878745280337","-6.272865576239512","-1.832682665251824","1.4008314491162253","4.883315466880461","5.287344572859696","-1.1230956394217335"
"-19.39995016007708","-11.276359361583042","-8.17421443062244","13.053246630683402","4.0839681975984155","35.45670413425379","0.8213078575926787","8.409087369447835","-6.27523275435369","-6.474695990041761","-1.053891769563094","-6.5892227666227905","-6.220115036807356","-7.455683858252573","-7.510463370517905","-4.070734381746934","-5.675511766692344","-0.2675258227188065","1.3557004927818816","5.7980262283322235","6.913654669733657","0.05477951226533194"
"-19.43940806793027","-10.776359361583042","-7.887062684873709","13.375505406308404","4.063558518110981","33.25174195025428","1.0069973554620901","8.419129307741976","-7.054137675510383","-7.328734567052842","-1.8038238149600268","-7.84043280676638","-6.654234306885511","-8.141703475466114","-8.168770306132936","-5.0728350257006305","-6.52432881167557","-0.4672456210075022","1.375169608851635","6.159584820088776","7.386750445181629","0.027066830666821976"
"-19.46932398072599","-10.276359361583042","-7.514196687149209","13.775385867987984","4.045440339814774","31.859328985411594","1.1370094588906348","8.428944290035574","-7.124822940185296","-8.388276691992658","-1.1828314276189444","-7.420559402860203","-7.016463918397007","-8.250882337643677","-7.587371479455625","-5.530472520812986","-6.110250224735962","-0.4829361265173453","1.3797405009922574","6.389149579111062","7.019139530907394","-0.6635108581880529"
"-19.489543671607464","-9.776359361583042","-7.098647501944263","14.209233432750251","4.027268042466619","30.605513778331595","1.1956898566840728","8.440121603187803","-7.391473966422806","-8.96697855531709","-1.2778598745425844","-7.369470428573176","-7.991399828238082","-8.2150262900456","-7.140801638466122","-5.133122185662502","-6.0617305165370885","-0.2577463300934063","1.3824493197989152","7.018715908374537","6.847909910753162","-1.0742246515794767"
"-19.49772362723537","-9.276359361583042","-6.65433143993249","14.66052117597561","4.00702192557868","29.38381494397812","1.2118776247175553","8.44793286559218","-7.004189368323957","-8.269944847624501","-1.028306761050139","-7.497982785172852","-7.107905397309519","-8.166088284928621","-7.0147532091971385","-5.764976840504777","-6.021317434843056","-0.47314401287412544","1.3858921347124034","6.486372322919604","6.511991173376593","-1.1513350757314833"
"-19.51961218660091","-8.776359361583042","-6.216240482881673","15.119728576917717","3.983748034865902","28.191810497412888","1.2142070051811835","8.46314613672635","-7.17855198098247","-8.524910196610993","-1.5749551254486112","-7.727230413448241","-7.402414498247795","-8.575118363368933","-8.00348832784582","-6.104687975524213","-6.516270100999976","-0.6554112574212861","1.3895027536384628","6.578696766148698","7.244908101469464","-0.5716300355231116"
"-19.199341618877526","-7.776359361583042","-4.924778746355339","16.090960179136367","3.952656856156595","24.7540748526709","1.0914435155145341","8.519171463821658","-7.797784224198868","-8.748361779551788","-1.8604357338241502","-7.185752404268079","-7.116338564846382","-8.596536298654682","-7.060830320374823","-6.1555228242543185","-7.012780770091995","-2.161150909262745","1.4045258397737468","4.687479240489795","4.887210487765197","-1.5357059782798599"
"-18.48506075571211","-11.276359361583042","-7.381151718650422","12.933358092913927","4.127590677007958","35.520790407094225","0.9023102793615507","8.231724383328517","-8.494443061336177","-8.605548319173783","-1.1552122811721537","-8.356054087251934","-7.219106891312921","-9.12004441487725","-9.014528616710413","-4.316142794599654","-5.019587538393108","-0.2601904009786411","1.3597785841392385","6.9283351359181795","8.502869466926871","-0.10551579816683833"
"-19.591560889968896","-8.276359361583042","-5.825565309066186","15.581800481826681","3.9578849169337653","27.105323292266686","1.2048914159176647","8.486430478854434","-7.1060718734573936","-8.122283199135023","-1.5152731957013381","-7.323214969580794","-7.61261017366127","-8.55284196865778","-7.482672117705627","-6.541966807503494","-6.534319788401722","-0.6416843599178041","1.3923627520258568","6.50152635132888","6.805525789889414","-1.0701698509521544"
"-18.468646725045158","-10.776359361583042","-6.703791133516614","13.59389800254442","4.1004739362576546","33.35994225571164","0.7170951992520216","8.351216345339342","-7.906578314837765","-7.745693667668714","-1.5815329790533996","-7.39040559077478","-6.5241835869686815","-9.356251314540474","-8.882728704344236","-5.327902142064283","-5.2658404867555335","-0.4779471991311775","1.3699946616084282","5.990829426335796","8.278940308080657","-0.47352261019623854"
"-18.417082388647223","-10.276359361583042","-6.145596640347837","14.100020172178242","4.075291418883302","31.01051657645513","0.8422229454844796","8.415807727635544","-6.758702612890007","-7.354479485094126","-1.0639892042847905","-6.95233580539844","-6.557990840859048","-8.014843078722944","-8.152242311607669","-4.532243948755967","-5.059583135318335","-1.7584535194034516","1.3810789632428329","4.652379090050501","6.018648007987127","0.1373992328847253"
"-18.33401962272557","-9.776359361583042","-5.669050026991623","14.491323255594034","4.05311687492293","28.651976694043935","1.0113033147951604","8.467608105583633","-7.286089645871044","-8.056505484093897","-1.2251182341812037","-7.277695213125672","-6.201073261422798","-8.57218942732401","-8.413750361133959","-5.677987561417599","-5.532984181561565","-1.1049091030656006","1.3942765267678214","5.061204646959156","7.0798453050178365","-0.1584390661900517"
"-18.274070025072657","-9.276359361583042","-5.225143903448524","14.872558899414908","4.032900678732676","26.64107423437559","1.0936003207057112","8.477844476338758","-7.307858390633216","-8.364214764466348","-1.0389112802321039","-7.331893762067269","-7.571217488503046","-8.033107704132863","-8.445874418486987","-5.384365531122584","-6.3060972589339395","-1.0966386637446814","1.4062505542265533","6.037606112183867","6.794525808320713","0.4127667143541237"
"-18.27952745916783","-8.776359361583042","-4.818269183583528","15.282602367437557","4.013847995871831","25.16564067614229","1.0907666502179119","8.497620649781288","-7.473402290896548","-7.192938760082761","-2.1804560644581312","-7.1888273049334455","-6.431798275933005","-8.047304400413083","-7.966576244513051","-5.1773089892239454","-6.035740369803151","-1.3973974795797435","1.4057560397739557","4.964372919382694","6.306639788026233","-0.08072815590003299"
"-18.47126259172482","-8.276359361583042","-4.585737286249317","15.704775661905646","3.9940926871889895","24.280916387296706","1.015162147670523","8.512550992904211","-7.294820755126324","-7.656394491895828","-1.30189945437661","-7.982966660701219","-6.00943917000598","-7.445874418486987","-8.129011186239424","-5.117418546445549","-5.566070234391536","-0.3819519032879073","1.4025193025742493","5.622895719820639","6.98206198491126","0.6831367677524375"
"-18.756499525883676","-7.776359361583042","-4.4287676554710025","16.145545764609054","3.972012966668918","23.70129189037033","0.903257136806495","8.519171463821658","-8.138465589140962","-9.209011524911185","-1.156704917263493","-7.342179543984303","-7.539703673242524","-8.407157316868899","-8.381847266621481","-6.115714537660325","-6.335546071418842","-1.0756690152913215","1.4188314036613088","6.053108427948971","7.017618927765715","-0.025310050247419225"
"-19.70504938916462","-7.776359361583042","-5.475763350253198","16.044685819020412","3.9302713495304507","26.098959962595497","1.1761516011577413","8.505828033854836","-8.358525889495901","-8.129420539447315","-1.3233063903751334","-7.689731633367552","-6.621057301386562","-7.479516467259208","-8.772113295386326","-6.858863909879261","-6.498803757972912","-0.5641556340155587","1.3938734041493832","6.02132225046379","6.893766219648816","1.2925968281271185"
"-17.98427146378178","-10.776359361583042","-6.465669566783947","13.347454583533683","4.12434117077496","33.54295405657523","0.6420637065310331","8.19728055812562","-10.171018045992078","-10.195179321278838","-1.8309136425129773","-9.16621562534352","-9.018543833477873","-11.088309841246138","-10.67284548759057","-6.075410614330582","-6.472885888360195","-0.1464234563803584","1.3745833927327256","8.638679736059421","10.385229213207484","-0.4154643536555702"
